{"type":"FeatureCollection","features":[{"type":"Feature","geometry":{"type":"Point","coordinates":[174.904102,-41.2085053]},"properties":{"address":"231 High Street, Hutt Central, Lower Hutt","suburb":"Hutt Central","city":"Lower Hutt","common_names":null,"notice_type":"EPB notice","date_of_issue":"19/11/2018","earthquake_rating":"Not determined","seismic_work_deadline":"19/11/2033","priority_building":false,"notice_issued_by":"Hutt City Council","heritage_status":null,"area_of_seismic_risk":"High","notice_count":1,"remediated":false,"approximate":true}},{"type":"Feature","geometry":{"type":"Point","coordinates":[174.903215,-41.2089924]},"properties":{"address":"205 High Street, Hutt Central, Lower Hutt","suburb":"Hutt Central","city":"Lower Hutt","common_names":null,"notice_type":"EPB notice","date_of_issue":"27/04/2021","earthquake_rating":"Not determined","seismic_work_deadline":"27/04/2036","priority_building":false,"notice_issued_by":"Hutt City Council","heritage_status":null,"area_of_seismic_risk":"High","notice_count":1,"remediated":false,"approximate":true}},{"type":"Feature","geometry":{"type":"Point","coordinates":[174.8789939,-41.2253101]},"properties":{"address":"201 Jackson Street, Petone, Lower Hutt","suburb":"Petone","city":"Lower Hutt","common_names":"201 Jackson Street","notice_type":"EPB notice","date_of_issue":"17/12/2025","earthquake_rating":"Not determined","seismic_work_deadline":"17/06/2036","priority_building":true,"notice_issued_by":"Hutt City Council","heritage_status":null,"area_of_seismic_risk":"High","notice_count":1,"remediated":false,"approximate":false}},{"type":"Feature","geometry":{"type":"Point","coordinates":[174.9602643,-41.1790334]},"properties":{"address":"20 Tocker Street, Taita, Lower Hutt","suburb":"Taita","city":"Lower Hutt","common_names":"Super Save Supermarket","notice_type":"EPB notice","date_of_issue":"26/04/2023","earthquake_rating":"0% to less than 20%","seismic_work_deadline":"26/04/2038","priority_building":false,"notice_issued_by":"Hutt City Council","heritage_status":null,"area_of_seismic_risk":"High","notice_count":1,"remediated":false,"approximate":false}},{"type":"Feature","geometry":{"type":"Point","coordinates":[174.9043809,-41.2274677]},"properties":{"address":"41 Barber Grove, Moera, Lower Hutt","suburb":"Moera","city":"Lower Hutt","common_names":null,"notice_type":"EPB notice","date_of_issue":"19/05/2025","earthquake_rating":"20% to less than 34%","seismic_work_deadline":"19/05/2040","priority_building":false,"notice_issued_by":"Hutt City Council","heritage_status":null,"area_of_seismic_risk":"High","notice_count":1,"remediated":false,"approximate":false}},{"type":"Feature","geometry":{"type":"Point","coordinates":[174.9141212,-41.2229825]},"properties":{"address":"2 Waiwhetu Road, Waiwhetu, Lower Hutt","suburb":"Waiwhetu","city":"Lower Hutt","common_names":"Arcturus Flats 1-12","notice_type":"EPB notice","date_of_issue":"11/10/2023","earthquake_rating":"Not determined","seismic_work_deadline":"11/10/2038","priority_building":false,"notice_issued_by":"Hutt City Council","heritage_status":null,"area_of_seismic_risk":"High","notice_count":1,"remediated":false,"approximate":false}},{"type":"Feature","geometry":{"type":"Point","coordinates":[172.6957003,-43.5209837]},"properties":{"address":"230 Pages Road, Wainoni, Christchurch","suburb":"Wainoni","city":"Christchurch","common_names":null,"notice_type":"EPB notice","date_of_issue":"10/09/2026","earthquake_rating":"0% to less than 20%","seismic_work_deadline":"10/03/2034","priority_building":true,"notice_issued_by":"Christchurch City Council","heritage_status":null,"area_of_seismic_risk":"High","notice_count":3,"remediated":false,"approximate":true}},{"type":"Feature","geometry":{"type":"Point","coordinates":[174.8788437,-41.2252523]},"properties":{"address":"195 Jackson Street, Petone, Lower Hutt","suburb":"Petone","city":"Lower Hutt","common_names":null,"notice_type":"s124 notice","date_of_issue":"08/10/2008","earthquake_rating":null,"seismic_work_deadline":"30/12/2018","priority_building":false,"notice_issued_by":"Hutt City Council","heritage_status":null,"area_of_seismic_risk":"High","notice_count":1,"remediated":true,"approximate":false}},{"type":"Feature","geometry":{"type":"Point","coordinates":[174.9032514,-41.2092927]},"properties":{"address":"194 High Street, Hutt Central, Lower Hutt","suburb":"Hutt Central","city":"Lower Hutt","common_names":"194 High Street","notice_type":"EPB notice","date_of_issue":"19/06/2023","earthquake_rating":"20% to less than 34%","seismic_work_deadline":"19/04/2038","priority_building":false,"notice_issued_by":"Hutt City Council","heritage_status":null,"area_of_seismic_risk":"High","notice_count":1,"remediated":false,"approximate":false}},{"type":"Feature","geometry":{"type":"Point","coordinates":[174.8760294,-41.2247138]},"properties":{"address":"184 Jackson Street, Petone, Lower Hutt","suburb":"Petone","city":"Lower Hutt","common_names":"184 Jackson Street","notice_type":"EPB notice","date_of_issue":"20/06/2023","earthquake_rating":"Not determined","seismic_work_deadline":"20/06/2038","priority_building":false,"notice_issued_by":"Hutt City Council","heritage_status":null,"area_of_seismic_risk":"High","notice_count":1,"remediated":false,"approximate":false}},{"type":"Feature","geometry":{"type":"Point","coordinates":[171.2522818,-44.3939017]},"properties":{"address":"16 The Terrace, Timaru","suburb":null,"city":"Timaru","common_names":null,"notice_type":"EPB notice","date_of_issue":"08/04/2025","earthquake_rating":"Not determined","seismic_work_deadline":"10/06/2051","priority_building":false,"notice_issued_by":"Timaru District Council","heritage_status":null,"area_of_seismic_risk":"Medium","notice_count":1,"remediated":true,"approximate":true}},{"type":"Feature","geometry":{"type":"Point","coordinates":[174.8772365,-41.224747]},"properties":{"address":"155 N Jackson Street, Petone, Lower Hutt","suburb":"Petone","city":"Lower Hutt","common_names":null,"notice_type":"EPB notice","date_of_issue":"20/06/2023","earthquake_rating":"Not determined","seismic_work_deadline":"20/06/2038","priority_building":false,"notice_issued_by":"Hutt City Council","heritage_status":null,"area_of_seismic_risk":"High","notice_count":1,"remediated":false,"approximate":false}},{"type":"Feature","geometry":{"type":"Point","coordinates":[174.8772365,-41.224747]},"properties":{"address":"155 Jackson Street, Petone, Lower Hutt","suburb":"Petone","city":"Lower Hutt","common_names":"155 Jackson Street","notice_type":"EPB notice","date_of_issue":"20/06/2023","earthquake_rating":"Not determined","seismic_work_deadline":"20/06/2038","priority_building":false,"notice_issued_by":"Hutt City Council","heritage_status":null,"area_of_seismic_risk":"High","notice_count":1,"remediated":false,"approximate":true}},{"type":"Feature","geometry":{"type":"Point","coordinates":[174.8727126,-41.2260145]},"properties":{"address":"15 Victoria Street, Petone, Lower Hutt","suburb":"Petone","city":"Lower Hutt","common_names":"15 Victoria Street","notice_type":"EPB notice","date_of_issue":"21/05/2024","earthquake_rating":"20% to less than 34%","seismic_work_deadline":"23/05/2039","priority_building":false,"notice_issued_by":"Hutt City Council","heritage_status":null,"area_of_seismic_risk":"High","notice_count":1,"remediated":false,"approximate":false}},{"type":"Feature","geometry":{"type":"Point","coordinates":[174.876923,-41.2247009]},"properties":{"address":"143 Jackson Street, Petone, Lower Hutt","suburb":"Petone","city":"Lower Hutt","common_names":null,"notice_type":"EPB notice","date_of_issue":"20/06/2023","earthquake_rating":"Not determined","seismic_work_deadline":"20/06/2038","priority_building":false,"notice_issued_by":"Hutt City Council","heritage_status":null,"area_of_seismic_risk":"High","notice_count":1,"remediated":false,"approximate":false}},{"type":"Feature","geometry":{"type":"Point","coordinates":[174.9538898,-41.1842578]},"properties":{"address":"14 Hunter Street, Taita, Lower Hutt","suburb":"Taita","city":"Lower Hutt","common_names":"14 Hunter  Street","notice_type":"EPB notice","date_of_issue":"25/11/2024","earthquake_rating":"20% to less than 34%","seismic_work_deadline":"25/11/2039","priority_building":false,"notice_issued_by":"Hutt City Council","heritage_status":null,"area_of_seismic_risk":"High","notice_count":1,"remediated":false,"approximate":false}},{"type":"Feature","geometry":{"type":"Point","coordinates":[174.9228988,-41.2145836]},"properties":{"address":"14 Hardy Street, Waterloo, Lower Hutt","suburb":"Waterloo","city":"Lower Hutt","common_names":"14 Hardy Street","notice_type":"EPB notice","date_of_issue":"19/06/2023","earthquake_rating":"Not determined","seismic_work_deadline":"19/06/2038","priority_building":false,"notice_issued_by":"Hutt City Council","heritage_status":null,"area_of_seismic_risk":"High","notice_count":1,"remediated":false,"approximate":false}},{"type":"Feature","geometry":{"type":"Point","coordinates":[174.9542479,-41.272717]},"properties":{"address":"133 Main Road, Wainuiomata, Lower Hutt","suburb":"Wainuiomata","city":"Lower Hutt","common_names":"133 Main Road","notice_type":"EPB notice","date_of_issue":"27/07/2023","earthquake_rating":"20% to less than 34%","seismic_work_deadline":"27/07/2038","priority_building":false,"notice_issued_by":"Hutt City Council","heritage_status":null,"area_of_seismic_risk":"High","notice_count":1,"remediated":false,"approximate":false}},{"type":"Feature","geometry":{"type":"Point","coordinates":[174.8763367,-41.2245236]},"properties":{"address":"129 Jackson Street, Petone, Lower Hutt","suburb":"Petone","city":"Lower Hutt","common_names":null,"notice_type":"EPB notice","date_of_issue":"20/06/2023","earthquake_rating":"Not determined","seismic_work_deadline":"20/06/2038","priority_building":false,"notice_issued_by":"Hutt City Council","heritage_status":null,"area_of_seismic_risk":"High","notice_count":1,"remediated":false,"approximate":false}},{"type":"Feature","geometry":{"type":"Point","coordinates":[174.9008,-41.2107851]},"properties":{"address":"100 High Street, HUTT CENTRAL, Lower Hutt","suburb":"HUTT CENTRAL","city":"Lower Hutt","common_names":"100 High Street","notice_type":"EPB notice","date_of_issue":"19/06/2023","earthquake_rating":"Not determined","seismic_work_deadline":"19/06/2038","priority_building":false,"notice_issued_by":"Hutt City Council","heritage_status":null,"area_of_seismic_risk":"High","notice_count":1,"remediated":false,"approximate":false}},{"type":"Feature","geometry":{"type":"Point","coordinates":[174.9489387,-41.191713]},"properties":{"address":"45 Colson Street, Avalon, Lower Hutt","suburb":"Avalon","city":"Lower Hutt","common_names":"45 Colson Street","notice_type":"EPB notice","date_of_issue":"05/08/2022","earthquake_rating":"Not determined","seismic_work_deadline":"05/08/2037","priority_building":false,"notice_issued_by":"Hutt City Council","heritage_status":null,"area_of_seismic_risk":"High","notice_count":2,"remediated":false,"approximate":false}},{"type":"Feature","geometry":{"type":"Point","coordinates":[174.9464421,-41.1985989]},"properties":{"address":"336 Cambridge Terrace, Naenae, Lower Hutt","suburb":"Naenae","city":"Lower Hutt","common_names":"336 Cambridge Terrace","notice_type":"EPB notice","date_of_issue":"08/06/2026","earthquake_rating":"Not determined","seismic_work_deadline":"08/06/2045","priority_building":false,"notice_issued_by":"Hutt City Council","heritage_status":null,"area_of_seismic_risk":"High","notice_count":1,"remediated":false,"approximate":false}},{"type":"Feature","geometry":{"type":"Point","coordinates":[174.9064577,-41.2076742]},"properties":{"address":"298 High Street, Hutt Central, Lower Hutt","suburb":"Hutt Central","city":"Lower Hutt","common_names":"298 High Street","notice_type":"EPB notice","date_of_issue":"17/12/2025","earthquake_rating":"Not determined","seismic_work_deadline":"17/06/2036","priority_building":true,"notice_issued_by":"Hutt City Council","heritage_status":null,"area_of_seismic_risk":"High","notice_count":1,"remediated":false,"approximate":false}},{"type":"Feature","geometry":{"type":"Point","coordinates":[174.8791194,-41.225596]},"properties":{"address":"262 Jackson Street, Petone, Lower Hutt","suburb":"Petone","city":"Lower Hutt","common_names":"262 Jackson Street","notice_type":"EPB notice","date_of_issue":"16/12/2025","earthquake_rating":"Not determined","seismic_work_deadline":"16/06/2036","priority_building":true,"notice_issued_by":"Hutt City Council","heritage_status":null,"area_of_seismic_risk":"High","notice_count":1,"remediated":false,"approximate":false}},{"type":"Feature","geometry":{"type":"Point","coordinates":[174.8810762,-41.2259593]},"properties":{"address":"241 Jackson Street, Petone, Lower Hutt","suburb":"Petone","city":"Lower Hutt","common_names":null,"notice_type":"EPB notice","date_of_issue":"17/12/2025","earthquake_rating":"Not determined","seismic_work_deadline":"17/06/2036","priority_building":true,"notice_issued_by":"Hutt City Council","heritage_status":null,"area_of_seismic_risk":"High","notice_count":1,"remediated":false,"approximate":false}},{"type":"Feature","geometry":{"type":"Point","coordinates":[172.6326561,-43.5307189]},"properties":{"address":"137 Cambridge Terrace, Christchurch Central, Christchurch","suburb":"Christchurch Central","city":"Christchurch","common_names":"Harley Chambers","notice_type":"EPB notice","date_of_issue":"14/12/2017","earthquake_rating":"0% to less than 20%","seismic_work_deadline":"14/06/2029","priority_building":true,"notice_issued_by":"Christchurch City Council","heritage_status":"Historic place category 2","area_of_seismic_risk":"High","notice_count":1,"remediated":true,"approximate":false}},{"type":"Feature","geometry":{"type":"Point","coordinates":[174.7705789,-41.3428541]},"properties":{"address":"355 The Parade, Island Bay, Wellington","suburb":"Island Bay","city":"Wellington","common_names":"Terminus Store","notice_type":"EPB notice","date_of_issue":"25/11/2024","earthquake_rating":"Not determined","seismic_work_deadline":"29/01/2040","priority_building":false,"notice_issued_by":"Wellington City Council","heritage_status":null,"area_of_seismic_risk":"High","notice_count":1,"remediated":true,"approximate":false}},{"type":"Feature","geometry":{"type":"Point","coordinates":[175.5182998,-41.033439]},"properties":{"address":"2 Brooklyn Road, Aro Valley, Wellington","suburb":"Aro Valley","city":"Wellington","common_names":"Link Bridge, Pukehinau Apartments, Block A","notice_type":"EPB notice","date_of_issue":"17/02/2025","earthquake_rating":"0% to less than 20%","seismic_work_deadline":"17/02/2040","priority_building":false,"notice_issued_by":"Wellington City Council","heritage_status":null,"area_of_seismic_risk":"High","notice_count":1,"remediated":true,"approximate":false}},{"type":"Feature","geometry":{"type":"Point","coordinates":[174.774402,-41.2951786]},"properties":{"address":"202 Cuba Street, Te Aro, Wellington","suburb":"Te Aro","city":"Wellington","common_names":"Booth House","notice_type":"EPB notice","date_of_issue":"30/06/2025","earthquake_rating":"Not determined","seismic_work_deadline":"30/06/2040","priority_building":false,"notice_issued_by":"Wellington City Council","heritage_status":"Within historic area","area_of_seismic_risk":"High","notice_count":1,"remediated":true,"approximate":false}},{"type":"Feature","geometry":{"type":"Point","coordinates":[174.7793179,-41.2721616]},"properties":{"address":"1 Katherine Avenue, Thorndon, Wellington","suburb":"Thorndon","city":"Wellington","common_names":"High Commission for Niue","notice_type":"EPB notice","date_of_issue":"25/11/2024","earthquake_rating":"0% to less than 20%","seismic_work_deadline":"06/03/2043","priority_building":false,"notice_issued_by":"Wellington City Council","heritage_status":null,"area_of_seismic_risk":"High","notice_count":1,"remediated":true,"approximate":false}},{"type":"Feature","geometry":{"type":"Point","coordinates":[174.7731538,-41.2861119]},"properties":{"address":"186 The Terrace, Wellington Central, Wellington","suburb":"Wellington Central","city":"Wellington","common_names":"Herbert Gardens","notice_type":"EPB notice","date_of_issue":"25/11/2024","earthquake_rating":"20% to less than 34%","seismic_work_deadline":"28/03/2035","priority_building":true,"notice_issued_by":"Wellington City Council","heritage_status":null,"area_of_seismic_risk":"High","notice_count":1,"remediated":true,"approximate":false}},{"type":"Feature","geometry":{"type":"Point","coordinates":[175.0413645,-39.9351688]},"properties":{"address":"19 A Purnell Street, Whanganui","suburb":null,"city":"Whanganui","common_names":"WHANGANUI JOCKEY CLUB ORIGINAL MEMBERS GRANDSTAND - Circa 1927","notice_type":"EPB notice","date_of_issue":"19/08/2026","earthquake_rating":"0% to less than 20%","seismic_work_deadline":"19/08/2051","priority_building":false,"notice_issued_by":"Whanganui District Council","heritage_status":null,"area_of_seismic_risk":"Medium","notice_count":3,"remediated":false,"approximate":false}},{"type":"Feature","geometry":{"type":"Point","coordinates":[172.5772378,-43.5397259]},"properties":{"address":"270 Annex Road, Middleton, Christchurch","suburb":"Middleton","city":"Christchurch","common_names":null,"notice_type":"EPB notice","date_of_issue":"07/08/2025","earthquake_rating":"0% to less than 20%","seismic_work_deadline":"07/08/2040","priority_building":false,"notice_issued_by":"Christchurch City Council","heritage_status":null,"area_of_seismic_risk":"High","notice_count":1,"remediated":true,"approximate":false}},{"type":"Feature","geometry":{"type":"Point","coordinates":[174.8780949,-41.2221218]},"properties":{"address":"89 Nelson Street, Petone, Lower Hutt","suburb":"Petone","city":"Lower Hutt","common_names":null,"notice_type":"EPB notice","date_of_issue":"11/12/2025","earthquake_rating":"Not determined","seismic_work_deadline":"11/12/2044","priority_building":false,"notice_issued_by":"Hutt City Council","heritage_status":null,"area_of_seismic_risk":"High","notice_count":1,"remediated":true,"approximate":false}},{"type":"Feature","geometry":{"type":"Point","coordinates":[171.2578711,-44.3957047]},"properties":{"address":"167 Hayes Street, Timaru Port, Timaru","suburb":"Timaru Port","city":"Timaru","common_names":null,"notice_type":"EPB notice","date_of_issue":"13/03/2025","earthquake_rating":"20% to less than 34%","seismic_work_deadline":"05/12/2037","priority_building":true,"notice_issued_by":"Timaru District Council","heritage_status":null,"area_of_seismic_risk":"Medium","notice_count":1,"remediated":true,"approximate":false}},{"type":"Feature","geometry":{"type":"Point","coordinates":[172.6509115,-43.5380113]},"properties":{"address":"2 Fitzgerald Avenue, Christchurch Central, Christchurch","suburb":"Christchurch Central","city":"Christchurch","common_names":null,"notice_type":"EPB notice","date_of_issue":"15/10/2019","earthquake_rating":"20% to less than 34%","seismic_work_deadline":"15/04/2031","priority_building":true,"notice_issued_by":"Christchurch City Council","heritage_status":null,"area_of_seismic_risk":"High","notice_count":1,"remediated":true,"approximate":true}},{"type":"Feature","geometry":{"type":"Point","coordinates":[172.5893378,-43.5425939]},"properties":{"address":"9 K Print Place, Middleton, Christchurch","suburb":"Middleton","city":"Christchurch","common_names":null,"notice_type":"EPB notice","date_of_issue":"18/10/2022","earthquake_rating":"0% to less than 20%","seismic_work_deadline":"18/10/2041","priority_building":false,"notice_issued_by":"Christchurch City Council","heritage_status":null,"area_of_seismic_risk":"High","notice_count":1,"remediated":true,"approximate":true}},{"type":"Feature","geometry":{"type":"Point","coordinates":[172.5893378,-43.5425939]},"properties":{"address":"9 J Print Place, Middleton, Christchurch","suburb":"Middleton","city":"Christchurch","common_names":null,"notice_type":"EPB notice","date_of_issue":"18/10/2022","earthquake_rating":"0% to less than 20%","seismic_work_deadline":"18/10/2041","priority_building":false,"notice_issued_by":"Christchurch City Council","heritage_status":null,"area_of_seismic_risk":"High","notice_count":1,"remediated":true,"approximate":true}},{"type":"Feature","geometry":{"type":"Point","coordinates":[172.5893378,-43.5425939]},"properties":{"address":"9 I Print Place, Middleton, Christchurch","suburb":"Middleton","city":"Christchurch","common_names":null,"notice_type":"EPB notice","date_of_issue":"18/10/2022","earthquake_rating":"0% to less than 20%","seismic_work_deadline":"18/10/2041","priority_building":false,"notice_issued_by":"Christchurch City Council","heritage_status":null,"area_of_seismic_risk":"High","notice_count":1,"remediated":true,"approximate":true}},{"type":"Feature","geometry":{"type":"Point","coordinates":[172.5893378,-43.5425939]},"properties":{"address":"9 H Print Place, Middleton, Christchurch","suburb":"Middleton","city":"Christchurch","common_names":null,"notice_type":"EPB notice","date_of_issue":"18/10/2022","earthquake_rating":"0% to less than 20%","seismic_work_deadline":"18/10/2041","priority_building":false,"notice_issued_by":"Christchurch City Council","heritage_status":null,"area_of_seismic_risk":"High","notice_count":1,"remediated":true,"approximate":true}},{"type":"Feature","geometry":{"type":"Point","coordinates":[172.5893378,-43.5425939]},"properties":{"address":"9 G Print Place, Middleton, Christchurch","suburb":"Middleton","city":"Christchurch","common_names":null,"notice_type":"EPB notice","date_of_issue":"18/10/2022","earthquake_rating":"0% to less than 20%","seismic_work_deadline":"18/10/2041","priority_building":false,"notice_issued_by":"Christchurch City Council","heritage_status":null,"area_of_seismic_risk":"High","notice_count":1,"remediated":true,"approximate":true}},{"type":"Feature","geometry":{"type":"Point","coordinates":[172.5893378,-43.5425939]},"properties":{"address":"11 F Print Place, Middleton, Christchurch","suburb":"Middleton","city":"Christchurch","common_names":null,"notice_type":"EPB notice","date_of_issue":"18/10/2022","earthquake_rating":"0% to less than 20%","seismic_work_deadline":"18/10/2041","priority_building":false,"notice_issued_by":"Christchurch City Council","heritage_status":null,"area_of_seismic_risk":"High","notice_count":1,"remediated":true,"approximate":true}},{"type":"Feature","geometry":{"type":"Point","coordinates":[172.5893378,-43.5425939]},"properties":{"address":"11 E Print Place, Middleton, Christchurch","suburb":"Middleton","city":"Christchurch","common_names":null,"notice_type":"EPB notice","date_of_issue":"18/10/2022","earthquake_rating":"0% to less than 20%","seismic_work_deadline":"18/10/2041","priority_building":false,"notice_issued_by":"Christchurch City Council","heritage_status":null,"area_of_seismic_risk":"High","notice_count":1,"remediated":true,"approximate":true}},{"type":"Feature","geometry":{"type":"Point","coordinates":[172.5893378,-43.5425939]},"properties":{"address":"11 D Print Place, Middleton, Christchurch","suburb":"Middleton","city":"Christchurch","common_names":null,"notice_type":"EPB notice","date_of_issue":"18/10/2022","earthquake_rating":"0% to less than 20%","seismic_work_deadline":"18/10/2041","priority_building":false,"notice_issued_by":"Christchurch City Council","heritage_status":null,"area_of_seismic_risk":"High","notice_count":1,"remediated":true,"approximate":true}},{"type":"Feature","geometry":{"type":"Point","coordinates":[172.5893378,-43.5425939]},"properties":{"address":"11 C Print Place, Middleton, Christchurch","suburb":"Middleton","city":"Christchurch","common_names":null,"notice_type":"EPB notice","date_of_issue":"18/10/2022","earthquake_rating":"0% to less than 20%","seismic_work_deadline":"18/10/2041","priority_building":false,"notice_issued_by":"Christchurch City Council","heritage_status":null,"area_of_seismic_risk":"High","notice_count":1,"remediated":true,"approximate":true}},{"type":"Feature","geometry":{"type":"Point","coordinates":[172.5893378,-43.5425939]},"properties":{"address":"11 B Print Place, Middleton, Christchurch","suburb":"Middleton","city":"Christchurch","common_names":null,"notice_type":"EPB notice","date_of_issue":"18/10/2022","earthquake_rating":"0% to less than 20%","seismic_work_deadline":"18/10/2041","priority_building":false,"notice_issued_by":"Christchurch City Council","heritage_status":null,"area_of_seismic_risk":"High","notice_count":1,"remediated":true,"approximate":true}},{"type":"Feature","geometry":{"type":"Point","coordinates":[172.5893378,-43.5425939]},"properties":{"address":"11 A Print Place, Middleton, Christchurch","suburb":"Middleton","city":"Christchurch","common_names":null,"notice_type":"EPB notice","date_of_issue":"18/10/2022","earthquake_rating":"0% to less than 20%","seismic_work_deadline":"18/10/2041","priority_building":false,"notice_issued_by":"Christchurch City Council","heritage_status":null,"area_of_seismic_risk":"High","notice_count":1,"remediated":true,"approximate":true}},{"type":"Feature","geometry":{"type":"Point","coordinates":[172.7297758,-43.5072967]},"properties":{"address":"35 Brighton Mall, New Brighton, Christchurch","suburb":"New Brighton","city":"Christchurch","common_names":"also known as 39, 43, 45, 47, 49, 51 & 53 Brighton Mall","notice_type":"EPB notice","date_of_issue":"29/11/2022","earthquake_rating":"0% to less than 20%","seismic_work_deadline":"29/05/2034","priority_building":true,"notice_issued_by":"Christchurch City Council","heritage_status":null,"area_of_seismic_risk":"High","notice_count":1,"remediated":true,"approximate":false}},{"type":"Feature","geometry":{"type":"Point","coordinates":[174.777058,-41.2893816]},"properties":{"address":"101 Wakefield Street, Wellington Central, Wellington","suburb":"Wellington Central","city":"Wellington","common_names":"Wellington Town Hall, Building A, Te Ngakau Civic Square","notice_type":"EPB notice","date_of_issue":"22/05/2025","earthquake_rating":null,"seismic_work_deadline":"18/12/2028","priority_building":true,"notice_issued_by":"Wellington City Council","heritage_status":"Historic place category 1","area_of_seismic_risk":"High","notice_count":8,"remediated":false,"approximate":false}},{"type":"Feature","geometry":{"type":"Point","coordinates":[174.885063,-36.9242405]},"properties":{"address":"207 Ti Rakau Drive, Pakuranga Heights, Auckland","suburb":"Pakuranga Heights","city":"Auckland","common_names":null,"notice_type":"EPB notice","date_of_issue":"24/07/2026","earthquake_rating":"0% to less than 20%","seismic_work_deadline":"24/07/2061","priority_building":false,"notice_issued_by":"Auckland Council","heritage_status":null,"area_of_seismic_risk":"Low","notice_count":1,"remediated":false,"approximate":false}},{"type":"Feature","geometry":{"type":"Point","coordinates":[173.2796685,-41.2722241]},"properties":{"address":"16 B Vanguard Street, Nelson","suburb":null,"city":"Nelson","common_names":"Bullion Motorcycles, Spikes Mechanical","notice_type":"EPB notice","date_of_issue":"14/08/2026","earthquake_rating":"20% to less than 34%","seismic_work_deadline":"31/10/2047","priority_building":false,"notice_issued_by":"Nelson City Council","heritage_status":null,"area_of_seismic_risk":"Medium","notice_count":1,"remediated":false,"approximate":false}},{"type":"Feature","geometry":{"type":"Point","coordinates":[173.2835646,-41.2739936]},"properties":{"address":"254 Trafalgar Street, Nelson","suburb":null,"city":"Nelson","common_names":"Page & Blackmore","notice_type":"EPB notice","date_of_issue":"07/08/2026","earthquake_rating":"20% to less than 34%","seismic_work_deadline":"26/10/2047","priority_building":false,"notice_issued_by":"Nelson City Council","heritage_status":null,"area_of_seismic_risk":"Medium","notice_count":1,"remediated":false,"approximate":false}},{"type":"Feature","geometry":{"type":"Point","coordinates":[173.2349767,-41.3124016]},"properties":{"address":"515 Main Road Stoke, Stoke, Nelson","suburb":"Stoke","city":"Nelson","common_names":"St Barnabas Anglican Church and Stone Chapel","notice_type":"EPB notice","date_of_issue":"03/08/2026","earthquake_rating":"Not determined","seismic_work_deadline":"10/10/2047","priority_building":false,"notice_issued_by":"Nelson City Council","heritage_status":"Historic place category 2","area_of_seismic_risk":"Medium","notice_count":1,"remediated":false,"approximate":false}},{"type":"Feature","geometry":{"type":"Point","coordinates":[173.2349767,-41.3124016]},"properties":{"address":"515 Main Road, Stoke, Nelson","suburb":"Stoke","city":"Nelson","common_names":"St Barnabas Hall","notice_type":"EPB notice","date_of_issue":"03/08/2026","earthquake_rating":"0% to less than 20%","seismic_work_deadline":"20/11/2046","priority_building":false,"notice_issued_by":"Nelson City Council","heritage_status":null,"area_of_seismic_risk":"Medium","notice_count":1,"remediated":false,"approximate":false}},{"type":"Feature","geometry":{"type":"Point","coordinates":[175.0479938,-39.932805]},"properties":{"address":"112 Guyton Street, Whanganui","suburb":null,"city":"Whanganui","common_names":"ST PAULS PRESBYTERIAN CHURCH","notice_type":"EPB notice","date_of_issue":"20/07/2026","earthquake_rating":"0% to less than 20%","seismic_work_deadline":"20/07/2051","priority_building":false,"notice_issued_by":"Whanganui District Council","heritage_status":null,"area_of_seismic_risk":"Medium","notice_count":1,"remediated":false,"approximate":false}},{"type":"Feature","geometry":{"type":"Point","coordinates":[173.2849745,-41.2709709]},"properties":{"address":"40 Halifax Street, Nelson","suburb":null,"city":"Nelson","common_names":"Farm Products Building","notice_type":"EPB notice","date_of_issue":"27/07/2026","earthquake_rating":"20% to less than 34%","seismic_work_deadline":"27/06/2046","priority_building":false,"notice_issued_by":"Nelson City Council","heritage_status":null,"area_of_seismic_risk":"Medium","notice_count":1,"remediated":false,"approximate":false}},{"type":"Feature","geometry":{"type":"Point","coordinates":[172.6317369,-43.5317393]},"properties":{"address":"53 Hereford Street, Christchurch Central, Christchurch","suburb":"Christchurch Central","city":"Christchurch","common_names":null,"notice_type":"EPB notice","date_of_issue":"20/03/2026","earthquake_rating":"0% to less than 20%","seismic_work_deadline":"20/09/2033","priority_building":true,"notice_issued_by":"Christchurch City Council","heritage_status":null,"area_of_seismic_risk":"High","notice_count":1,"remediated":false,"approximate":false}},{"type":"Feature","geometry":{"type":"Point","coordinates":[174.7949791,-41.3174489]},"properties":{"address":"6 Bay Road, Kilbirnie, Wellington","suburb":"Kilbirnie","city":"Wellington","common_names":null,"notice_type":"EPB notice","date_of_issue":"25/11/2024","earthquake_rating":"0% to less than 20%","seismic_work_deadline":"06/03/2034","priority_building":false,"notice_issued_by":"Wellington City Council","heritage_status":null,"area_of_seismic_risk":"High","notice_count":1,"remediated":true,"approximate":false}},{"type":"Feature","geometry":{"type":"Point","coordinates":[174.7941482,-41.3194794]},"properties":{"address":"4 Bay Road, Kilbirnie, Wellington","suburb":"Kilbirnie","city":"Wellington","common_names":"Taia Hall","notice_type":"EPB notice","date_of_issue":"25/11/2024","earthquake_rating":"0% to less than 20%","seismic_work_deadline":"20/11/2034","priority_building":false,"notice_issued_by":"Wellington City Council","heritage_status":null,"area_of_seismic_risk":"High","notice_count":1,"remediated":true,"approximate":true}},{"type":"Feature","geometry":{"type":"Point","coordinates":[174.8265804,-41.1698249]},"properties":{"address":"35 Oxford Street, Tawa, Wellington","suburb":"Tawa","city":"Wellington","common_names":"Tawa Mall, Building A, New World, AKA 35-37 Oxford Street","notice_type":"EPB notice","date_of_issue":"25/11/2024","earthquake_rating":"0% to less than 20%","seismic_work_deadline":"04/07/2042","priority_building":false,"notice_issued_by":"Wellington City Council","heritage_status":null,"area_of_seismic_risk":"High","notice_count":1,"remediated":true,"approximate":false}},{"type":"Feature","geometry":{"type":"Point","coordinates":[174.7836008,-41.3096815]},"properties":{"address":"11 a Owen Street, Newtown, Wellington","suburb":"Newtown","city":"Wellington","common_names":"Building B","notice_type":"EPB notice","date_of_issue":"17/07/2026","earthquake_rating":"0% to less than 20%","seismic_work_deadline":"18/02/2040","priority_building":false,"notice_issued_by":"Wellington City Council","heritage_status":null,"area_of_seismic_risk":"High","notice_count":1,"remediated":false,"approximate":false}},{"type":"Feature","geometry":{"type":"Point","coordinates":[174.6818831,-36.9119706]},"properties":{"address":"8 Ambrico Place, New Lynn, Auckland","suburb":"New Lynn","city":"Auckland","common_names":null,"notice_type":"EPB notice","date_of_issue":"15/05/2020","earthquake_rating":"0% to less than 20%","seismic_work_deadline":"15/05/2055","priority_building":false,"notice_issued_by":"Auckland Council","heritage_status":"Historic place category 1","area_of_seismic_risk":"Low","notice_count":1,"remediated":true,"approximate":true}},{"type":"Feature","geometry":{"type":"Point","coordinates":[175.0563086,-39.9325062]},"properties":{"address":"11 Rutland Street, Whanganui","suburb":null,"city":"Whanganui","common_names":"NATIVE LAND COURT & AOTEA MAORI LAND BUILDING - FORMER","notice_type":"EPB notice","date_of_issue":"07/07/2026","earthquake_rating":"Not determined","seismic_work_deadline":"07/07/2051","priority_building":false,"notice_issued_by":"Whanganui District Council","heritage_status":"Historic place category 1","area_of_seismic_risk":"Medium","notice_count":1,"remediated":false,"approximate":false}},{"type":"Feature","geometry":{"type":"Point","coordinates":[175.0554472,-39.9326287]},"properties":{"address":"21 Ridgway Street, Whanganui","suburb":null,"city":"Whanganui","common_names":null,"notice_type":"EPB notice","date_of_issue":"07/07/2026","earthquake_rating":"Not determined","seismic_work_deadline":"07/07/2051","priority_building":false,"notice_issued_by":"Whanganui District Council","heritage_status":null,"area_of_seismic_risk":"Medium","notice_count":1,"remediated":false,"approximate":false}},{"type":"Feature","geometry":{"type":"Point","coordinates":[172.5839163,-43.5226937]},"properties":{"address":"55 Creyke Road, Ilam, Christchurch","suburb":"Ilam","city":"Christchurch","common_names":"Pūtaiao Koiora Building","notice_type":"EPB notice","date_of_issue":"22/09/2020","earthquake_rating":"20% to less than 34%","seismic_work_deadline":"22/03/2032","priority_building":true,"notice_issued_by":"Christchurch City Council","heritage_status":null,"area_of_seismic_risk":"High","notice_count":1,"remediated":true,"approximate":false}},{"type":"Feature","geometry":{"type":"Point","coordinates":[175.0554201,-39.9333296]},"properties":{"address":"30 Drews Avenue, Whanganui","suburb":null,"city":"Whanganui","common_names":null,"notice_type":"EPB notice","date_of_issue":"06/07/2026","earthquake_rating":"Not determined","seismic_work_deadline":"06/07/2051","priority_building":false,"notice_issued_by":"Whanganui District Council","heritage_status":"Historic place category 2","area_of_seismic_risk":"Medium","notice_count":1,"remediated":false,"approximate":false}},{"type":"Feature","geometry":{"type":"Point","coordinates":[175.0495444,-39.9319884]},"properties":{"address":"85 Guyton Street, Whanganui","suburb":null,"city":"Whanganui","common_names":null,"notice_type":"EPB notice","date_of_issue":"02/07/2026","earthquake_rating":"Not determined","seismic_work_deadline":"02/07/2051","priority_building":false,"notice_issued_by":"Whanganui District Council","heritage_status":null,"area_of_seismic_risk":"Medium","notice_count":2,"remediated":false,"approximate":false}},{"type":"Feature","geometry":{"type":"Point","coordinates":[175.0554456,-39.9336942]},"properties":{"address":"23 Drews Avenue, Whanganui","suburb":null,"city":"Whanganui","common_names":null,"notice_type":"EPB notice","date_of_issue":"01/07/2026","earthquake_rating":"Not determined","seismic_work_deadline":"01/07/2051","priority_building":false,"notice_issued_by":"Whanganui District Council","heritage_status":null,"area_of_seismic_risk":"Medium","notice_count":1,"remediated":false,"approximate":false}},{"type":"Feature","geometry":{"type":"Point","coordinates":[173.2668774,-41.2657497]},"properties":{"address":"322 Wakefield Quay, Stepneyville, Nelson","suburb":"Stepneyville","city":"Nelson","common_names":"Nelson Yacht Club","notice_type":"EPB notice","date_of_issue":"23/05/2025","earthquake_rating":"Not determined","seismic_work_deadline":"23/05/2050","priority_building":false,"notice_issued_by":"Nelson City Council","heritage_status":null,"area_of_seismic_risk":"Medium","notice_count":1,"remediated":true,"approximate":false}},{"type":"Feature","geometry":{"type":"Point","coordinates":[175.0473341,-39.9337246]},"properties":{"address":"134 Guyton Street, Whanganui","suburb":null,"city":"Whanganui","common_names":null,"notice_type":"EPB notice","date_of_issue":"30/06/2026","earthquake_rating":"20% to less than 34%","seismic_work_deadline":"30/06/2051","priority_building":false,"notice_issued_by":"Whanganui District Council","heritage_status":null,"area_of_seismic_risk":"Medium","notice_count":1,"remediated":false,"approximate":false}},{"type":"Feature","geometry":{"type":"Point","coordinates":[170.5299318,-45.8553651]},"properties":{"address":"50 Signal Hill Road, Opoho, Dunedin","suburb":"Opoho","city":"Dunedin","common_names":null,"notice_type":"EPB notice","date_of_issue":"12/02/2026","earthquake_rating":"Not determined","seismic_work_deadline":"27/01/2061","priority_building":false,"notice_issued_by":"Dunedin City Council","heritage_status":null,"area_of_seismic_risk":"Low","notice_count":1,"remediated":true,"approximate":false}},{"type":"Feature","geometry":{"type":"Point","coordinates":[172.5966138,-43.3008394]},"properties":{"address":"2 Edward Street, Rangiora","suburb":null,"city":"Rangiora","common_names":null,"notice_type":"EPB notice","date_of_issue":"16/04/2025","earthquake_rating":"Not determined","seismic_work_deadline":"14/10/2038","priority_building":false,"notice_issued_by":"Waimakariri District Council","heritage_status":null,"area_of_seismic_risk":"High","notice_count":1,"remediated":true,"approximate":false}},{"type":"Feature","geometry":{"type":"Point","coordinates":[170.5067565,-45.8718583]},"properties":{"address":"85 Great King Street, Dunedin Central, Dunedin","suburb":"Dunedin Central","city":"Dunedin","common_names":null,"notice_type":"EPB notice","date_of_issue":"08/06/2026","earthquake_rating":"Not determined","seismic_work_deadline":"30/05/2061","priority_building":false,"notice_issued_by":"Dunedin City Council","heritage_status":null,"area_of_seismic_risk":"Low","notice_count":1,"remediated":false,"approximate":false}},{"type":"Feature","geometry":{"type":"Point","coordinates":[170.4858559,-45.8541324]},"properties":{"address":"212 Balmacewen Road, Wakari, Dunedin","suburb":"Wakari","city":"Dunedin","common_names":null,"notice_type":"EPB notice","date_of_issue":"05/06/2026","earthquake_rating":"Not determined","seismic_work_deadline":"14/05/2061","priority_building":false,"notice_issued_by":"Dunedin City Council","heritage_status":null,"area_of_seismic_risk":"Low","notice_count":1,"remediated":false,"approximate":false}},{"type":"Feature","geometry":{"type":"Point","coordinates":[173.2070168,-41.3290138]},"properties":{"address":"7 Kotua Place, Stoke, Nelson","suburb":"Stoke","city":"Nelson","common_names":"Cooling Floor Building 5, Old Freezing Works complex","notice_type":"EPB notice","date_of_issue":"20/07/2026","earthquake_rating":"0% to less than 20%","seismic_work_deadline":"31/07/2047","priority_building":false,"notice_issued_by":"Nelson City Council","heritage_status":null,"area_of_seismic_risk":"Medium","notice_count":5,"remediated":false,"approximate":false}},{"type":"Feature","geometry":{"type":"Point","coordinates":[173.2703576,-41.2812668]},"properties":{"address":"156 Toi Toi Street, Nelson South, Nelson","suburb":"Nelson South","city":"Nelson","common_names":"YMCA Classrooms","notice_type":"EPB notice","date_of_issue":"11/07/2023","earthquake_rating":"Not determined","seismic_work_deadline":"11/01/2036","priority_building":true,"notice_issued_by":"Nelson City Council","heritage_status":null,"area_of_seismic_risk":"Medium","notice_count":1,"remediated":true,"approximate":false}},{"type":"Feature","geometry":{"type":"Point","coordinates":[174.9177076,-41.2276671]},"properties":{"address":"75 Wainui Road, Waiwhetu, Lower Hutt","suburb":"Waiwhetu","city":"Lower Hutt","common_names":"Silo House","notice_type":"EPB notice","date_of_issue":"10/08/2023","earthquake_rating":"Not determined","seismic_work_deadline":"10/09/2038","priority_building":false,"notice_issued_by":"Hutt City Council","heritage_status":null,"area_of_seismic_risk":"High","notice_count":1,"remediated":true,"approximate":false}},{"type":"Feature","geometry":{"type":"Point","coordinates":[173.2816606,-41.2745133]},"properties":{"address":"106 Hardy Street, Nelson","suburb":null,"city":"Nelson","common_names":"Dalgety Building, The Spice Curry Kitchen, Secrets","notice_type":"EPB notice","date_of_issue":"04/04/2025","earthquake_rating":"0% to less than 20%","seismic_work_deadline":"30/06/2020","priority_building":true,"notice_issued_by":"Nelson City Council","heritage_status":null,"area_of_seismic_risk":"Medium","notice_count":1,"remediated":true,"approximate":false}},{"type":"Feature","geometry":{"type":"Point","coordinates":[175.0555416,-39.9337474]},"properties":{"address":"21 Drews Avenue, Whanganui","suburb":null,"city":"Whanganui","common_names":null,"notice_type":"EPB notice","date_of_issue":"18/06/2026","earthquake_rating":"Not determined","seismic_work_deadline":"18/06/2051","priority_building":false,"notice_issued_by":"Whanganui District Council","heritage_status":null,"area_of_seismic_risk":"Medium","notice_count":1,"remediated":false,"approximate":false}},{"type":"Feature","geometry":{"type":"Point","coordinates":[175.2311399,-40.3697489]},"properties":{"address":"6 Koputara Road, Himatangi Beach","suburb":null,"city":"Himatangi Beach","common_names":null,"notice_type":"EPB notice","date_of_issue":"24/03/2025","earthquake_rating":"20% to less than 34%","seismic_work_deadline":"12/08/2040","priority_building":false,"notice_issued_by":"Manawatu District Council","heritage_status":null,"area_of_seismic_risk":"High","notice_count":1,"remediated":true,"approximate":false}},{"type":"Feature","geometry":{"type":"Point","coordinates":[170.4818672,-45.8815419]},"properties":{"address":"13 Mailer Street, Mornington, Dunedin","suburb":"Mornington","city":"Dunedin","common_names":null,"notice_type":"EPB notice","date_of_issue":"05/06/2026","earthquake_rating":"Not determined","seismic_work_deadline":"15/05/2061","priority_building":false,"notice_issued_by":"Dunedin City Council","heritage_status":null,"area_of_seismic_risk":"Low","notice_count":1,"remediated":false,"approximate":false}},{"type":"Feature","geometry":{"type":"Point","coordinates":[174.7740316,-41.2959458]},"properties":{"address":"232 Cuba Street, Te Aro, Wellington","suburb":"Te Aro","city":"Wellington","common_names":null,"notice_type":"EPB notice","date_of_issue":"25/11/2024","earthquake_rating":"0% to less than 20%","seismic_work_deadline":"30/06/2030","priority_building":false,"notice_issued_by":"Wellington City Council","heritage_status":"Scheduled by the TA","area_of_seismic_risk":"High","notice_count":1,"remediated":true,"approximate":false}},{"type":"Feature","geometry":{"type":"Point","coordinates":[175.049221,-39.9323211]},"properties":{"address":"99 A Guyton Street, Whanganui","suburb":null,"city":"Whanganui","common_names":null,"notice_type":"EPB notice","date_of_issue":"15/06/2026","earthquake_rating":"Not determined","seismic_work_deadline":"15/12/2038","priority_building":false,"notice_issued_by":"Whanganui District Council","heritage_status":null,"area_of_seismic_risk":"Medium","notice_count":1,"remediated":false,"approximate":false}},{"type":"Feature","geometry":{"type":"Point","coordinates":[170.5027704,-45.8721463]},"properties":{"address":"18 Filleul Street, Dunedin Central, Dunedin","suburb":"Dunedin Central","city":"Dunedin","common_names":null,"notice_type":"EPB notice","date_of_issue":"03/03/2026","earthquake_rating":"Not determined","seismic_work_deadline":"18/02/2061","priority_building":false,"notice_issued_by":"Dunedin City Council","heritage_status":null,"area_of_seismic_risk":"Low","notice_count":1,"remediated":true,"approximate":false}},{"type":"Feature","geometry":{"type":"Point","coordinates":[170.4575933,-45.8673463]},"properties":{"address":"269 Brockville Road, Brockville, Dunedin","suburb":"Brockville","city":"Dunedin","common_names":null,"notice_type":"EPB notice","date_of_issue":"06/05/2026","earthquake_rating":"Not determined","seismic_work_deadline":"29/04/2061","priority_building":false,"notice_issued_by":"Dunedin City Council","heritage_status":null,"area_of_seismic_risk":"Low","notice_count":1,"remediated":false,"approximate":false}},{"type":"Feature","geometry":{"type":"Point","coordinates":[170.4719974,-45.8761179]},"properties":{"address":"309 Kaikorai Valley Road, Bradford, Dunedin","suburb":"Bradford","city":"Dunedin","common_names":null,"notice_type":"EPB notice","date_of_issue":"06/05/2026","earthquake_rating":"Not determined","seismic_work_deadline":"29/04/2061","priority_building":false,"notice_issued_by":"Dunedin City Council","heritage_status":null,"area_of_seismic_risk":"Low","notice_count":1,"remediated":false,"approximate":false}},{"type":"Feature","geometry":{"type":"Point","coordinates":[170.5000302,-45.8955222]},"properties":{"address":"235 King Edward Street, South Dunedin, Dunedin","suburb":"South Dunedin","city":"Dunedin","common_names":null,"notice_type":"EPB notice","date_of_issue":"08/04/2026","earthquake_rating":"Not determined","seismic_work_deadline":"01/03/2061","priority_building":false,"notice_issued_by":"Dunedin City Council","heritage_status":"Scheduled by the TA","area_of_seismic_risk":"Low","notice_count":1,"remediated":false,"approximate":false}},{"type":"Feature","geometry":{"type":"Point","coordinates":[170.5021125,-45.8804284]},"properties":{"address":"79 Crawford Street, Dunedin Central, Dunedin","suburb":"Dunedin Central","city":"Dunedin","common_names":null,"notice_type":"EPB notice","date_of_issue":"01/03/2026","earthquake_rating":"Not determined","seismic_work_deadline":"25/02/2061","priority_building":false,"notice_issued_by":"Dunedin City Council","heritage_status":"Within historic area","area_of_seismic_risk":"Low","notice_count":1,"remediated":false,"approximate":false}},{"type":"Feature","geometry":{"type":"Point","coordinates":[170.552325,-45.8664017]},"properties":{"address":"217 Ravensbourne Road, Ravensbourne, Dunedin","suburb":"Ravensbourne","city":"Dunedin","common_names":null,"notice_type":"EPB notice","date_of_issue":"06/05/2026","earthquake_rating":"Not determined","seismic_work_deadline":"22/04/2061","priority_building":false,"notice_issued_by":"Dunedin City Council","heritage_status":null,"area_of_seismic_risk":"Low","notice_count":1,"remediated":false,"approximate":false}},{"type":"Feature","geometry":{"type":"Point","coordinates":[170.5034289,-45.8735748]},"properties":{"address":"48 The Octagon, Dunedin Central, Dunedin","suburb":"Dunedin Central","city":"Dunedin","common_names":"Municipal Chambers","notice_type":"EPB notice","date_of_issue":"18/05/2026","earthquake_rating":"0% to less than 20%","seismic_work_deadline":"18/05/2061","priority_building":false,"notice_issued_by":"Dunedin City Council","heritage_status":"Historic place category 2","area_of_seismic_risk":"Low","notice_count":2,"remediated":false,"approximate":false}},{"type":"Feature","geometry":{"type":"Point","coordinates":[170.5017559,-45.8750684]},"properties":{"address":"45 Moray Place, Dunedin Central, Dunedin","suburb":"Dunedin Central","city":"Dunedin","common_names":null,"notice_type":"EPB notice","date_of_issue":"08/04/2026","earthquake_rating":"Not determined","seismic_work_deadline":"19/03/2061","priority_building":false,"notice_issued_by":"Dunedin City Council","heritage_status":"Scheduled by the TA","area_of_seismic_risk":"Low","notice_count":1,"remediated":false,"approximate":false}},{"type":"Feature","geometry":{"type":"Point","coordinates":[177.4246415,-39.0358916]},"properties":{"address":"50 Lucknow Street, Wairoa","suburb":null,"city":"Wairoa","common_names":"St Paul's Anglican Church","notice_type":"EPB notice","date_of_issue":"15/11/2022","earthquake_rating":"0% to less than 20%","seismic_work_deadline":"15/11/2037","priority_building":false,"notice_issued_by":"Wairoa District Council","heritage_status":null,"area_of_seismic_risk":"High","notice_count":1,"remediated":false,"approximate":true}},{"type":"Feature","geometry":{"type":"Point","coordinates":[170.3500764,-45.8746802]},"properties":{"address":"11 Church Street, Mosgiel","suburb":null,"city":"Mosgiel","common_names":null,"notice_type":"EPB notice","date_of_issue":"08/04/2026","earthquake_rating":"Not determined","seismic_work_deadline":"03/03/2061","priority_building":false,"notice_issued_by":"Dunedin City Council","heritage_status":null,"area_of_seismic_risk":"Low","notice_count":1,"remediated":true,"approximate":false}},{"type":"Feature","geometry":{"type":"Point","coordinates":[174.7432901,-41.2827584]},"properties":{"address":"170 Karori Road, Karori, Wellington","suburb":"Karori","city":"Wellington","common_names":"St Mary's Anglican Church, Building A, Church, AKA 168 Karori Road","notice_type":"EPB notice","date_of_issue":"25/11/2024","earthquake_rating":"20% to less than 34%","seismic_work_deadline":"06/09/2032","priority_building":false,"notice_issued_by":"Wellington City Council","heritage_status":"Historic place category 2","area_of_seismic_risk":"High","notice_count":2,"remediated":false,"approximate":false}},{"type":"Feature","geometry":{"type":"Point","coordinates":[172.6241885,-43.542263]},"properties":{"address":"40 Disraeli Street, Addington, Christchurch","suburb":"Addington","city":"Christchurch","common_names":null,"notice_type":"EPB notice","date_of_issue":"09/01/2025","earthquake_rating":"0% to less than 20%","seismic_work_deadline":"09/01/2040","priority_building":false,"notice_issued_by":"Christchurch City Council","heritage_status":null,"area_of_seismic_risk":"High","notice_count":1,"remediated":true,"approximate":false}},{"type":"Feature","geometry":{"type":"Point","coordinates":[172.5140707,-43.5566335]},"properties":{"address":"55 Edmonton Road, Hornby South, Christchurch","suburb":"Hornby South","city":"Christchurch","common_names":null,"notice_type":"EPB notice","date_of_issue":"26/05/2026","earthquake_rating":"0% to less than 20%","seismic_work_deadline":"26/11/2033","priority_building":true,"notice_issued_by":"Christchurch City Council","heritage_status":null,"area_of_seismic_risk":"High","notice_count":1,"remediated":false,"approximate":false}},{"type":"Feature","geometry":{"type":"Point","coordinates":[172.5143451,-43.5567497]},"properties":{"address":"53 Edmonton Road, Hornby South, Christchurch","suburb":"Hornby South","city":"Christchurch","common_names":null,"notice_type":"EPB notice","date_of_issue":"26/05/2026","earthquake_rating":"0% to less than 20%","seismic_work_deadline":"26/11/2033","priority_building":true,"notice_issued_by":"Christchurch City Council","heritage_status":null,"area_of_seismic_risk":"High","notice_count":1,"remediated":false,"approximate":false}},{"type":"Feature","geometry":{"type":"Point","coordinates":[176.3270734,-37.7847326]},"properties":{"address":"91 Jellicoe Street, Te Puke","suburb":null,"city":"Te Puke","common_names":null,"notice_type":"EPB notice","date_of_issue":"22/05/2026","earthquake_rating":"Not determined","seismic_work_deadline":"22/11/2038","priority_building":true,"notice_issued_by":"Western Bay of Plenty District Council","heritage_status":null,"area_of_seismic_risk":"Medium","notice_count":1,"remediated":false,"approximate":false}},{"type":"Feature","geometry":{"type":"Point","coordinates":[176.3299631,-37.7851892]},"properties":{"address":"26 Jellicoe Street, Te Puke","suburb":null,"city":"Te Puke","common_names":null,"notice_type":"EPB notice","date_of_issue":"22/05/2026","earthquake_rating":"Not determined","seismic_work_deadline":"22/11/2038","priority_building":true,"notice_issued_by":"Western Bay of Plenty District Council","heritage_status":null,"area_of_seismic_risk":"Medium","notice_count":1,"remediated":false,"approximate":false}},{"type":"Feature","geometry":{"type":"Point","coordinates":[176.3302036,-37.7852318]},"properties":{"address":"22 Jellicoe Street, Te Puke","suburb":null,"city":"Te Puke","common_names":null,"notice_type":"EPB notice","date_of_issue":"22/05/2026","earthquake_rating":"Not determined","seismic_work_deadline":"22/05/2051","priority_building":false,"notice_issued_by":"Western Bay of Plenty District Council","heritage_status":null,"area_of_seismic_risk":"Medium","notice_count":1,"remediated":false,"approximate":false}},{"type":"Feature","geometry":{"type":"Point","coordinates":[175.0489522,-39.9321237]},"properties":{"address":"96 Guyton Street, Whanganui","suburb":null,"city":"Whanganui","common_names":null,"notice_type":"EPB notice","date_of_issue":"20/05/2026","earthquake_rating":"Not determined","seismic_work_deadline":"20/05/2051","priority_building":false,"notice_issued_by":"Whanganui District Council","heritage_status":null,"area_of_seismic_risk":"Medium","notice_count":1,"remediated":false,"approximate":false}},{"type":"Feature","geometry":{"type":"Point","coordinates":[172.5844456,-43.5239984]},"properties":{"address":"90 Ilam Road, Ilam, Christchurch","suburb":"Ilam","city":"Christchurch","common_names":"Dangerous Goods Store Building","notice_type":"EPB notice","date_of_issue":"31/10/2024","earthquake_rating":"0% to less than 20%","seismic_work_deadline":"30/04/2036","priority_building":true,"notice_issued_by":"Christchurch City Council","heritage_status":null,"area_of_seismic_risk":"High","notice_count":3,"remediated":false,"approximate":true}},{"type":"Feature","geometry":{"type":"Point","coordinates":[175.0356784,-39.9347006]},"properties":{"address":"79 Purnell Street, College Estate, Whanganui","suburb":"College Estate","city":"Whanganui","common_names":null,"notice_type":"EPB notice","date_of_issue":"19/05/2026","earthquake_rating":"Not determined","seismic_work_deadline":"19/05/2051","priority_building":false,"notice_issued_by":"Whanganui District Council","heritage_status":null,"area_of_seismic_risk":"Medium","notice_count":1,"remediated":false,"approximate":false}},{"type":"Feature","geometry":{"type":"Point","coordinates":[175.9438453,-37.4118144]},"properties":{"address":"12 Wilson Road, Waihi Beach","suburb":null,"city":"Waihi Beach","common_names":null,"notice_type":"EPB notice","date_of_issue":"04/12/2024","earthquake_rating":"Not determined","seismic_work_deadline":"04/06/2037","priority_building":true,"notice_issued_by":"Western Bay of Plenty District Council","heritage_status":null,"area_of_seismic_risk":"Medium","notice_count":1,"remediated":true,"approximate":false}},{"type":"Feature","geometry":{"type":"Point","coordinates":[172.6084303,-43.4984338]},"properties":{"address":"66 Bellvue Avenue, Papanui, Christchurch","suburb":"Papanui","city":"Christchurch","common_names":null,"notice_type":"EPB notice","date_of_issue":"08/06/2018","earthquake_rating":"20% to less than 34%","seismic_work_deadline":"08/06/2037","priority_building":false,"notice_issued_by":"Christchurch City Council","heritage_status":null,"area_of_seismic_risk":"High","notice_count":1,"remediated":true,"approximate":false}},{"type":"Feature","geometry":{"type":"Point","coordinates":[174.7646588,-36.8472278]},"properties":{"address":"26 Wyndham Street, Auckland Central, Auckland","suburb":"Auckland Central","city":"Auckland","common_names":null,"notice_type":"EPB notice","date_of_issue":"14/03/2019","earthquake_rating":"20% to less than 34%","seismic_work_deadline":"14/03/2054","priority_building":false,"notice_issued_by":"Auckland Council","heritage_status":"Scheduled by the TA","area_of_seismic_risk":"Low","notice_count":1,"remediated":true,"approximate":false}},{"type":"Feature","geometry":{"type":"Point","coordinates":[172.6776083,-43.556803]},"properties":{"address":"35 A Garlands Road, Woolston, Christchurch","suburb":"Woolston","city":"Christchurch","common_names":null,"notice_type":"EPB notice","date_of_issue":"22/11/2018","earthquake_rating":"0% to less than 20%","seismic_work_deadline":"22/11/2037","priority_building":false,"notice_issued_by":"Christchurch City Council","heritage_status":null,"area_of_seismic_risk":"High","notice_count":1,"remediated":true,"approximate":false}},{"type":"Feature","geometry":{"type":"Point","coordinates":[170.5059904,-45.8753177]},"properties":{"address":"249 Cumberland Street, Dunedin Central, Dunedin","suburb":"Dunedin Central","city":"Dunedin","common_names":null,"notice_type":"EPB notice","date_of_issue":"08/04/2026","earthquake_rating":"Not determined","seismic_work_deadline":"19/03/2061","priority_building":false,"notice_issued_by":"Dunedin City Council","heritage_status":"Scheduled by the TA","area_of_seismic_risk":"Low","notice_count":1,"remediated":false,"approximate":false}},{"type":"Feature","geometry":{"type":"Point","coordinates":[175.9177332,-37.5521547]},"properties":{"address":"10 Main Road, Katikati","suburb":null,"city":"Katikati","common_names":null,"notice_type":"EPB notice","date_of_issue":"19/08/2025","earthquake_rating":"0% to less than 20%","seismic_work_deadline":"19/02/2038","priority_building":true,"notice_issued_by":"Western Bay of Plenty District Council","heritage_status":null,"area_of_seismic_risk":"Medium","notice_count":1,"remediated":false,"approximate":false}},{"type":"Feature","geometry":{"type":"Point","coordinates":[170.6201497,-45.8165954]},"properties":{"address":"56 George Street, Port Chalmers","suburb":null,"city":"Port Chalmers","common_names":null,"notice_type":"EPB notice","date_of_issue":"03/03/2026","earthquake_rating":"Not determined","seismic_work_deadline":"27/02/2061","priority_building":false,"notice_issued_by":"Dunedin City Council","heritage_status":"Scheduled by the TA","area_of_seismic_risk":"Low","notice_count":1,"remediated":false,"approximate":false}},{"type":"Feature","geometry":{"type":"Point","coordinates":[172.5171514,-43.5544445]},"properties":{"address":"15 Mountview Place, Hornby South, Christchurch","suburb":"Hornby South","city":"Christchurch","common_names":null,"notice_type":"EPB notice","date_of_issue":"15/01/2025","earthquake_rating":"0% to less than 20%","seismic_work_deadline":"15/01/2040","priority_building":false,"notice_issued_by":"Christchurch City Council","heritage_status":null,"area_of_seismic_risk":"High","notice_count":1,"remediated":true,"approximate":false}},{"type":"Feature","geometry":{"type":"Point","coordinates":[175.2611516,-38.8833006]},"properties":{"address":"47 Hakiaha Street, Taumarunui","suburb":null,"city":"Taumarunui","common_names":null,"notice_type":"EPB notice","date_of_issue":"26/03/2025","earthquake_rating":"0% to less than 20%","seismic_work_deadline":"22/11/2053","priority_building":false,"notice_issued_by":"Ruapehu District Council","heritage_status":null,"area_of_seismic_risk":"Medium","notice_count":1,"remediated":true,"approximate":false}},{"type":"Feature","geometry":{"type":"Point","coordinates":[170.2273988,-45.8573097]},"properties":{"address":"16 Holyhead Street, Outram","suburb":null,"city":"Outram","common_names":null,"notice_type":"EPB notice","date_of_issue":"03/03/2026","earthquake_rating":"Not determined","seismic_work_deadline":"26/02/2061","priority_building":false,"notice_issued_by":"Dunedin City Council","heritage_status":null,"area_of_seismic_risk":"Low","notice_count":1,"remediated":false,"approximate":false}},{"type":"Feature","geometry":{"type":"Point","coordinates":[171.2513817,-44.3941013]},"properties":{"address":"281 Stafford Street, Timaru","suburb":null,"city":"Timaru","common_names":null,"notice_type":"EPB notice","date_of_issue":"13/12/2021","earthquake_rating":"Not determined","seismic_work_deadline":"16/06/2038","priority_building":true,"notice_issued_by":"Timaru District Council","heritage_status":null,"area_of_seismic_risk":"Medium","notice_count":1,"remediated":true,"approximate":false}},{"type":"Feature","geometry":{"type":"Point","coordinates":[172.6936302,-43.5174887]},"properties":{"address":"22 Helanca Avenue, Wainoni, Christchurch","suburb":"Wainoni","city":"Christchurch","common_names":null,"notice_type":"EPB notice","date_of_issue":"28/04/2026","earthquake_rating":"0% to less than 20%","seismic_work_deadline":"28/10/2033","priority_building":true,"notice_issued_by":"Christchurch City Council","heritage_status":null,"area_of_seismic_risk":"High","notice_count":1,"remediated":false,"approximate":false}},{"type":"Feature","geometry":{"type":"Point","coordinates":[174.7847144,-41.2981431]},"properties":{"address":"79 Brougham Street, Mt Victoria, Wellington","suburb":"Mt Victoria","city":"Wellington","common_names":null,"notice_type":"EPB notice","date_of_issue":"25/11/2024","earthquake_rating":"20% to less than 34%","seismic_work_deadline":"05/07/2041","priority_building":false,"notice_issued_by":"Wellington City Council","heritage_status":null,"area_of_seismic_risk":"High","notice_count":1,"remediated":false,"approximate":false}},{"type":"Feature","geometry":{"type":"Point","coordinates":[174.7847765,-41.2980613]},"properties":{"address":"77 Brougham Street, Mount Victoria, Wellington","suburb":"Mount Victoria","city":"Wellington","common_names":null,"notice_type":"EPB notice","date_of_issue":"25/11/2024","earthquake_rating":"Not determined","seismic_work_deadline":"05/07/2041","priority_building":false,"notice_issued_by":"Wellington City Council","heritage_status":null,"area_of_seismic_risk":"High","notice_count":1,"remediated":true,"approximate":false}},{"type":"Feature","geometry":{"type":"Point","coordinates":[170.51163,-45.8604563]},"properties":{"address":"20 Dundas Street, North Dunedin, Dunedin","suburb":"North Dunedin","city":"Dunedin","common_names":null,"notice_type":"EPB notice","date_of_issue":"12/02/2026","earthquake_rating":"Not determined","seismic_work_deadline":"31/01/2061","priority_building":false,"notice_issued_by":"Dunedin City Council","heritage_status":null,"area_of_seismic_risk":"Low","notice_count":1,"remediated":false,"approximate":false}},{"type":"Feature","geometry":{"type":"Point","coordinates":[170.4989757,-45.8943527]},"properties":{"address":"177 King Edward Street, South Dunedin, Dunedin","suburb":"South Dunedin","city":"Dunedin","common_names":null,"notice_type":"EPB notice","date_of_issue":"12/02/2026","earthquake_rating":"Not determined","seismic_work_deadline":"30/01/2061","priority_building":false,"notice_issued_by":"Dunedin City Council","heritage_status":"Scheduled by the TA","area_of_seismic_risk":"Low","notice_count":1,"remediated":false,"approximate":false}},{"type":"Feature","geometry":{"type":"Point","coordinates":[170.4955302,-45.8815884]},"properties":{"address":"66 Melville Street, Dunedin Central, Dunedin","suburb":"Dunedin Central","city":"Dunedin","common_names":null,"notice_type":"EPB notice","date_of_issue":"11/02/2026","earthquake_rating":"Not determined","seismic_work_deadline":"26/01/2061","priority_building":false,"notice_issued_by":"Dunedin City Council","heritage_status":"Historic place category 1","area_of_seismic_risk":"Low","notice_count":1,"remediated":false,"approximate":false}},{"type":"Feature","geometry":{"type":"Point","coordinates":[170.5095044,-45.8785705]},"properties":{"address":"59 Fryatt Street, Dunedin Central, Dunedin","suburb":"Dunedin Central","city":"Dunedin","common_names":null,"notice_type":"EPB notice","date_of_issue":"26/01/2026","earthquake_rating":"Not determined","seismic_work_deadline":"31/12/2060","priority_building":false,"notice_issued_by":"Dunedin City Council","heritage_status":null,"area_of_seismic_risk":"Low","notice_count":1,"remediated":false,"approximate":false}},{"type":"Feature","geometry":{"type":"Point","coordinates":[170.5103849,-45.8784233]},"properties":{"address":"67 Fryatt Street, Dunedin Central, Dunedin","suburb":"Dunedin Central","city":"Dunedin","common_names":null,"notice_type":"EPB notice","date_of_issue":"26/01/2026","earthquake_rating":"Not determined","seismic_work_deadline":"01/12/2060","priority_building":false,"notice_issued_by":"Dunedin City Council","heritage_status":null,"area_of_seismic_risk":"Low","notice_count":1,"remediated":false,"approximate":false}},{"type":"Feature","geometry":{"type":"Point","coordinates":[174.7772653,-41.2987106]},"properties":{"address":"19 Buckle Street, Mt Cook, Wellington","suburb":"Mt Cook","city":"Wellington","common_names":"Building A, National War Memorial, Carillon","notice_type":"EPB notice","date_of_issue":"25/11/2024","earthquake_rating":"0% to less than 20%","seismic_work_deadline":"30/05/2031","priority_building":true,"notice_issued_by":"Wellington City Council","heritage_status":"Historic place category 1","area_of_seismic_risk":"High","notice_count":1,"remediated":true,"approximate":false}},{"type":"Feature","geometry":{"type":"Point","coordinates":[176.3238259,-37.7832461]},"properties":{"address":"153 Jellicoe Street, Te Puke","suburb":null,"city":"Te Puke","common_names":null,"notice_type":"EPB notice","date_of_issue":"18/12/2025","earthquake_rating":"Not determined","seismic_work_deadline":"18/12/2050","priority_building":false,"notice_issued_by":"Western Bay of Plenty District Council","heritage_status":null,"area_of_seismic_risk":"Medium","notice_count":1,"remediated":false,"approximate":false}},{"type":"Feature","geometry":{"type":"Point","coordinates":[174.945116,-41.2006252]},"properties":{"address":"18 Hollands Crescent, Naenae, Lower Hutt","suburb":"Naenae","city":"Lower Hutt","common_names":null,"notice_type":"EPB notice","date_of_issue":"23/04/2026","earthquake_rating":"0% to less than 20%","seismic_work_deadline":"23/04/2045","priority_building":false,"notice_issued_by":"Hutt City Council","heritage_status":null,"area_of_seismic_risk":"High","notice_count":1,"remediated":false,"approximate":false}},{"type":"Feature","geometry":{"type":"Point","coordinates":[172.6474125,-43.5405061]},"properties":{"address":"460 C Moorhouse Avenue, Waltham, Christchurch","suburb":"Waltham","city":"Christchurch","common_names":null,"notice_type":"EPB notice","date_of_issue":"16/01/2018","earthquake_rating":"0% to less than 20%","seismic_work_deadline":"16/01/2037","priority_building":false,"notice_issued_by":"Christchurch City Council","heritage_status":null,"area_of_seismic_risk":"High","notice_count":1,"remediated":true,"approximate":false}},{"type":"Feature","geometry":{"type":"Point","coordinates":[176.8020046,-39.6157782]},"properties":{"address":"1300 Omahu Road, Twyford, Hastings","suburb":"Twyford","city":"Hastings","common_names":"Placemakers pre cut","notice_type":"EPB notice","date_of_issue":"20/12/2024","earthquake_rating":"0% to less than 20%","seismic_work_deadline":"21/12/2039","priority_building":false,"notice_issued_by":"Hastings District Council","heritage_status":null,"area_of_seismic_risk":"High","notice_count":1,"remediated":true,"approximate":false}},{"type":"Feature","geometry":{"type":"Point","coordinates":[176.8634747,-39.6531399]},"properties":{"address":"1234 Howard Street, Parkvale, Hastings","suburb":"Parkvale","city":"Hastings","common_names":"Reformed Church of Hastings - Youth Centre","notice_type":"EPB notice","date_of_issue":"31/03/2025","earthquake_rating":"20% to less than 34%","seismic_work_deadline":"03/08/2041","priority_building":false,"notice_issued_by":"Hastings District Council","heritage_status":null,"area_of_seismic_risk":"High","notice_count":1,"remediated":true,"approximate":false}},{"type":"Feature","geometry":{"type":"Point","coordinates":[172.7954451,-43.7653884]},"properties":{"address":"4313 Christchurch Akaroa Road, Little River","suburb":null,"city":"Little River","common_names":"Old Shower/Toilet Block - Now Storage Shed","notice_type":"EPB notice","date_of_issue":"01/06/2021","earthquake_rating":"0% to less than 20%","seismic_work_deadline":"01/12/2032","priority_building":true,"notice_issued_by":"Christchurch City Council","heritage_status":null,"area_of_seismic_risk":"High","notice_count":3,"remediated":false,"approximate":false}},{"type":"Feature","geometry":{"type":"Point","coordinates":[172.6981198,-43.5195128]},"properties":{"address":"230 B Pages Road, Wainoni, Christchurch","suburb":"Wainoni","city":"Christchurch","common_names":"Store Building","notice_type":"EPB notice","date_of_issue":"22/11/2023","earthquake_rating":"20% to less than 34%","seismic_work_deadline":"22/11/2042","priority_building":false,"notice_issued_by":"Christchurch City Council","heritage_status":null,"area_of_seismic_risk":"High","notice_count":1,"remediated":true,"approximate":true}},{"type":"Feature","geometry":{"type":"Point","coordinates":[174.8549922,-36.8551984]},"properties":{"address":"48 The Parade, Bucklands Beach, Auckland","suburb":"Bucklands Beach","city":"Auckland","common_names":null,"notice_type":"EPB notice","date_of_issue":"08/04/2026","earthquake_rating":"20% to less than 34%","seismic_work_deadline":"08/04/2061","priority_building":false,"notice_issued_by":"Auckland Council","heritage_status":null,"area_of_seismic_risk":"Low","notice_count":2,"remediated":false,"approximate":false}},{"type":"Feature","geometry":{"type":"Point","coordinates":[175.0397522,-39.9248381]},"properties":{"address":"158 Glasgow Street, Whanganui","suburb":null,"city":"Whanganui","common_names":"ST JOHN'S CLUB","notice_type":"EPB notice","date_of_issue":"07/04/2026","earthquake_rating":"20% to less than 34%","seismic_work_deadline":"07/04/2051","priority_building":false,"notice_issued_by":"Whanganui District Council","heritage_status":null,"area_of_seismic_risk":"Medium","notice_count":1,"remediated":false,"approximate":false}},{"type":"Feature","geometry":{"type":"Point","coordinates":[170.4996046,-45.8951108]},"properties":{"address":"219 King Edward Street, South Dunedin, Dunedin","suburb":"South Dunedin","city":"Dunedin","common_names":null,"notice_type":"EPB notice","date_of_issue":"12/02/2026","earthquake_rating":"Not determined","seismic_work_deadline":"29/01/2061","priority_building":false,"notice_issued_by":"Dunedin City Council","heritage_status":"Scheduled by the TA","area_of_seismic_risk":"Low","notice_count":1,"remediated":false,"approximate":false}},{"type":"Feature","geometry":{"type":"Point","coordinates":[170.4989451,-45.8943172]},"properties":{"address":"173 King Edward Street, South Dunedin, Dunedin","suburb":"South Dunedin","city":"Dunedin","common_names":null,"notice_type":"EPB notice","date_of_issue":"12/02/2026","earthquake_rating":"Not determined","seismic_work_deadline":"30/01/2061","priority_building":false,"notice_issued_by":"Dunedin City Council","heritage_status":"Scheduled by the TA","area_of_seismic_risk":"Low","notice_count":1,"remediated":false,"approximate":false}},{"type":"Feature","geometry":{"type":"Point","coordinates":[170.4894967,-45.8672579]},"properties":{"address":"575 Highgate, Maori Hill, Dunedin","suburb":"Maori Hill","city":"Dunedin","common_names":null,"notice_type":"EPB notice","date_of_issue":"12/02/2026","earthquake_rating":"Not determined","seismic_work_deadline":"31/01/2061","priority_building":false,"notice_issued_by":"Dunedin City Council","heritage_status":null,"area_of_seismic_risk":"Low","notice_count":1,"remediated":false,"approximate":false}},{"type":"Feature","geometry":{"type":"Point","coordinates":[175.0430501,-39.930605]},"properties":{"address":"51 Nelson Street, Whanganui","suburb":null,"city":"Whanganui","common_names":"WHANGANUI BOWLING CLUB","notice_type":"EPB notice","date_of_issue":"02/04/2026","earthquake_rating":"20% to less than 34%","seismic_work_deadline":"02/04/2051","priority_building":false,"notice_issued_by":"Whanganui District Council","heritage_status":null,"area_of_seismic_risk":"Medium","notice_count":2,"remediated":false,"approximate":false}},{"type":"Feature","geometry":{"type":"Point","coordinates":[172.3767332,-43.5900405]},"properties":{"address":"3 George Holmes Road, Rolleston","suburb":null,"city":"Rolleston","common_names":"CONCAST","notice_type":"EPB notice","date_of_issue":"13/03/2026","earthquake_rating":"0% to less than 20%","seismic_work_deadline":"13/03/2041","priority_building":false,"notice_issued_by":"Selwyn District Council","heritage_status":null,"area_of_seismic_risk":"High","notice_count":1,"remediated":false,"approximate":false}},{"type":"Feature","geometry":{"type":"Point","coordinates":[172.7068956,-43.4819806]},"properties":{"address":"46 Queenspark Drive, Parklands, Christchurch","suburb":"Parklands","city":"Christchurch","common_names":"Parklands Library","notice_type":"EPB notice","date_of_issue":"17/02/2025","earthquake_rating":"20% to less than 34%","seismic_work_deadline":"17/02/2040","priority_building":false,"notice_issued_by":"Christchurch City Council","heritage_status":null,"area_of_seismic_risk":"High","notice_count":1,"remediated":true,"approximate":false}},{"type":"Feature","geometry":{"type":"Point","coordinates":[170.627412,-45.8462627]},"properties":{"address":"721 A Portobello Road, Broad Bay, Dunedin","suburb":"Broad Bay","city":"Dunedin","common_names":null,"notice_type":"EPB notice","date_of_issue":"03/03/2026","earthquake_rating":"Not determined","seismic_work_deadline":"24/02/2061","priority_building":false,"notice_issued_by":"Dunedin City Council","heritage_status":null,"area_of_seismic_risk":"Low","notice_count":1,"remediated":false,"approximate":false}},{"type":"Feature","geometry":{"type":"Point","coordinates":[175.0493937,-39.9321422]},"properties":{"address":"93 Guyton Street, Whanganui","suburb":null,"city":"Whanganui","common_names":null,"notice_type":"EPB notice","date_of_issue":"24/03/2026","earthquake_rating":"0% to less than 20%","seismic_work_deadline":"24/03/2051","priority_building":false,"notice_issued_by":"Whanganui District Council","heritage_status":null,"area_of_seismic_risk":"Medium","notice_count":2,"remediated":false,"approximate":false}},{"type":"Feature","geometry":{"type":"Point","coordinates":[174.7817646,-41.2993668]},"properties":{"address":"46 A Hania Street, Mt Victoria, Wellington","suburb":"Mt Victoria","city":"Wellington","common_names":"Hania Street Substation, S0017","notice_type":"EPB notice","date_of_issue":"25/11/2024","earthquake_rating":"20% to less than 34%","seismic_work_deadline":"23/06/2031","priority_building":false,"notice_issued_by":"Wellington City Council","heritage_status":null,"area_of_seismic_risk":"High","notice_count":1,"remediated":true,"approximate":false}},{"type":"Feature","geometry":{"type":"Point","coordinates":[174.9161507,-41.2141633]},"properties":{"address":"16 Riddiford Street, Newtown, Wellington","suburb":"Newtown","city":"Wellington","common_names":"Building A, East","notice_type":"EPB notice","date_of_issue":"25/11/2024","earthquake_rating":"0% to less than 20%","seismic_work_deadline":"01/01/2031","priority_building":true,"notice_issued_by":"Wellington City Council","heritage_status":null,"area_of_seismic_risk":"High","notice_count":1,"remediated":true,"approximate":false}},{"type":"Feature","geometry":{"type":"Point","coordinates":[170.4783247,-45.8836447]},"properties":{"address":"1 Galloway Street, Mornington, Dunedin","suburb":"Mornington","city":"Dunedin","common_names":"Church Hall","notice_type":"EPB notice","date_of_issue":"03/11/2022","earthquake_rating":"20% to less than 34%","seismic_work_deadline":"03/11/2061","priority_building":false,"notice_issued_by":"Dunedin City Council","heritage_status":null,"area_of_seismic_risk":"Low","notice_count":1,"remediated":true,"approximate":false}},{"type":"Feature","geometry":{"type":"Point","coordinates":[176.8769525,-39.6775923]},"properties":{"address":"42 Lucknow Road, Havelock North","suburb":null,"city":"Havelock North","common_names":"Iona College - Administration Block – parts (Stages D, E & F), Iona school - Admin block","notice_type":"EPB notice","date_of_issue":"23/03/2026","earthquake_rating":"Not determined","seismic_work_deadline":"01/05/2031","priority_building":true,"notice_issued_by":"Hastings District Council","heritage_status":null,"area_of_seismic_risk":"High","notice_count":1,"remediated":false,"approximate":false}},{"type":"Feature","geometry":{"type":"Point","coordinates":[172.572583,-43.5202463]},"properties":{"address":"100 E Waimairi Road, Ilam, Christchurch","suburb":"Ilam","city":"Christchurch","common_names":"UC : Squash Courts, College House","notice_type":"EPB notice","date_of_issue":"23/01/2018","earthquake_rating":"0% to less than 20%","seismic_work_deadline":"23/07/2029","priority_building":true,"notice_issued_by":"Christchurch City Council","heritage_status":null,"area_of_seismic_risk":"High","notice_count":1,"remediated":true,"approximate":true}},{"type":"Feature","geometry":{"type":"Point","coordinates":[174.7950513,-41.3183478]},"properties":{"address":"23 Bay Road, Kilbirnie, Wellington","suburb":"Kilbirnie","city":"Wellington","common_names":null,"notice_type":"EPB notice","date_of_issue":"25/11/2024","earthquake_rating":"0% to less than 20%","seismic_work_deadline":"20/09/2032","priority_building":false,"notice_issued_by":"Wellington City Council","heritage_status":null,"area_of_seismic_risk":"High","notice_count":1,"remediated":true,"approximate":false}},{"type":"Feature","geometry":{"type":"Point","coordinates":[175.0478681,-41.1308343]},"properties":{"address":"17 Nicolaus Street, Trentham, Upper Hutt","suburb":"Trentham","city":"Upper Hutt","common_names":null,"notice_type":"EPB notice","date_of_issue":"13/03/2026","earthquake_rating":"20% to less than 34%","seismic_work_deadline":"13/03/2041","priority_building":false,"notice_issued_by":"Upper Hutt City Council","heritage_status":null,"area_of_seismic_risk":"High","notice_count":1,"remediated":false,"approximate":false}},{"type":"Feature","geometry":{"type":"Point","coordinates":[174.7775229,-41.2775847]},"properties":{"address":"1 Molesworth Street, Pipitea, Wellington","suburb":"Pipitea","city":"Wellington","common_names":"Parliamentary Library Southern Wing, Building A3","notice_type":"EPB notice","date_of_issue":"13/03/2026","earthquake_rating":"0% to less than 20%","seismic_work_deadline":"13/03/2041","priority_building":false,"notice_issued_by":"Wellington City Council","heritage_status":"Historic place category 1","area_of_seismic_risk":"High","notice_count":2,"remediated":false,"approximate":false}},{"type":"Feature","geometry":{"type":"Point","coordinates":[174.7818681,-41.2928094]},"properties":{"address":"13 Tory Street, Te Aro, Wellington","suburb":"Te Aro","city":"Wellington","common_names":null,"notice_type":"EPB notice","date_of_issue":"25/11/2024","earthquake_rating":"20% to less than 34%","seismic_work_deadline":"14/12/2040","priority_building":false,"notice_issued_by":"Wellington City Council","heritage_status":"Scheduled by the TA","area_of_seismic_risk":"High","notice_count":1,"remediated":true,"approximate":false}},{"type":"Feature","geometry":{"type":"Point","coordinates":[174.7835899,-41.3001742]},"properties":{"address":"131 Brougham Street, Mt Victoria, Wellington","suburb":"Mt Victoria","city":"Wellington","common_names":"Melksham Towers","notice_type":"EPB notice","date_of_issue":"25/11/2024","earthquake_rating":"0% to less than 20%","seismic_work_deadline":"05/11/2040","priority_building":false,"notice_issued_by":"Wellington City Council","heritage_status":null,"area_of_seismic_risk":"High","notice_count":1,"remediated":true,"approximate":false}},{"type":"Feature","geometry":{"type":"Point","coordinates":[170.4995688,-45.8849226]},"properties":{"address":"229 Crawford Street, Dunedin Central, Dunedin","suburb":"Dunedin Central","city":"Dunedin","common_names":null,"notice_type":"EPB notice","date_of_issue":"11/02/2026","earthquake_rating":"Not determined","seismic_work_deadline":"26/01/2061","priority_building":false,"notice_issued_by":"Dunedin City Council","heritage_status":null,"area_of_seismic_risk":"Low","notice_count":1,"remediated":false,"approximate":false}},{"type":"Feature","geometry":{"type":"Point","coordinates":[170.4998178,-45.8804229]},"properties":{"address":"414 Princes Street, Dunedin Central, Dunedin","suburb":"Dunedin Central","city":"Dunedin","common_names":null,"notice_type":"EPB notice","date_of_issue":"26/01/2026","earthquake_rating":"Not determined","seismic_work_deadline":"05/12/2060","priority_building":false,"notice_issued_by":"Dunedin City Council","heritage_status":"Scheduled by the TA","area_of_seismic_risk":"Low","notice_count":1,"remediated":false,"approximate":false}},{"type":"Feature","geometry":{"type":"Point","coordinates":[170.4901984,-45.891634]},"properties":{"address":"90 South Road, The Glen, Dunedin","suburb":"The Glen","city":"Dunedin","common_names":"Office","notice_type":"EPB notice","date_of_issue":"27/01/2026","earthquake_rating":"Not determined","seismic_work_deadline":"20/12/2060","priority_building":false,"notice_issued_by":"Dunedin City Council","heritage_status":null,"area_of_seismic_risk":"Low","notice_count":3,"remediated":false,"approximate":false}},{"type":"Feature","geometry":{"type":"Point","coordinates":[170.5050695,-45.8689713]},"properties":{"address":"95 Filleul Street, Dunedin Central, Dunedin","suburb":"Dunedin Central","city":"Dunedin","common_names":null,"notice_type":"EPB notice","date_of_issue":"13/02/2026","earthquake_rating":"Not determined","seismic_work_deadline":"29/01/2061","priority_building":false,"notice_issued_by":"Dunedin City Council","heritage_status":"Scheduled by the TA","area_of_seismic_risk":"Low","notice_count":1,"remediated":false,"approximate":false}},{"type":"Feature","geometry":{"type":"Point","coordinates":[172.6129681,-43.5418163]},"properties":{"address":"11 Bernard Street, Addington, Christchurch","suburb":"Addington","city":"Christchurch","common_names":null,"notice_type":"EPB notice","date_of_issue":"07/07/2021","earthquake_rating":"0% to less than 20%","seismic_work_deadline":"07/01/2033","priority_building":true,"notice_issued_by":"Christchurch City Council","heritage_status":null,"area_of_seismic_risk":"High","notice_count":1,"remediated":true,"approximate":false}},{"type":"Feature","geometry":{"type":"Point","coordinates":[174.5697246,-36.9301359]},"properties":{"address":"517 Scenic Drive, Waiatarua, Auckland","suburb":"Waiatarua","city":"Auckland","common_names":"Rose Hellaby House","notice_type":"EPB notice","date_of_issue":"02/03/2026","earthquake_rating":"20% to less than 34%","seismic_work_deadline":"02/03/2061","priority_building":false,"notice_issued_by":"Auckland Council","heritage_status":null,"area_of_seismic_risk":"Low","notice_count":1,"remediated":false,"approximate":true}},{"type":"Feature","geometry":{"type":"Point","coordinates":[174.5625007,-37.010284]},"properties":{"address":"1360 Huia Road, Huia, Auckland","suburb":"Huia","city":"Auckland","common_names":"Project K House","notice_type":"EPB notice","date_of_issue":"02/03/2026","earthquake_rating":"20% to less than 34%","seismic_work_deadline":"02/03/2061","priority_building":false,"notice_issued_by":"Auckland Council","heritage_status":null,"area_of_seismic_risk":"Low","notice_count":1,"remediated":false,"approximate":true}},{"type":"Feature","geometry":{"type":"Point","coordinates":[174.7600672,-36.913976]},"properties":{"address":"72 Hillsborough Road, Hillsborough, Auckland","suburb":"Hillsborough","city":"Auckland","common_names":"Pah Homestead","notice_type":"EPB notice","date_of_issue":"02/03/2026","earthquake_rating":"20% to less than 34%","seismic_work_deadline":"02/03/2061","priority_building":false,"notice_issued_by":"Auckland Council","heritage_status":null,"area_of_seismic_risk":"Low","notice_count":1,"remediated":false,"approximate":false}},{"type":"Feature","geometry":{"type":"Point","coordinates":[174.7683637,-36.7856403]},"properties":{"address":"37 Killarney Street, Takapuna, Auckland","suburb":"Takapuna","city":"Auckland","common_names":"Takapuna Pool and Leisure Centre","notice_type":"EPB notice","date_of_issue":"02/03/2026","earthquake_rating":"0% to less than 20%","seismic_work_deadline":"02/03/2061","priority_building":false,"notice_issued_by":"Auckland Council","heritage_status":null,"area_of_seismic_risk":"Low","notice_count":1,"remediated":false,"approximate":false}},{"type":"Feature","geometry":{"type":"Point","coordinates":[175.0497253,-39.9327392]},"properties":{"address":"136 St Hill Street, Whanganui","suburb":null,"city":"Whanganui","common_names":"EX WANGANUI CLUB, - KNOWN IN RECENT TIMES AS HERITAGE HOUSE","notice_type":"EPB notice","date_of_issue":"02/03/2026","earthquake_rating":"20% to less than 34%","seismic_work_deadline":"02/03/2051","priority_building":false,"notice_issued_by":"Whanganui District Council","heritage_status":"Historic place category 2","area_of_seismic_risk":"Medium","notice_count":1,"remediated":false,"approximate":false}},{"type":"Feature","geometry":{"type":"Point","coordinates":[170.4844964,-45.8651386]},"properties":{"address":"127 Taieri Road, Kaikorai, Dunedin","suburb":"Kaikorai","city":"Dunedin","common_names":"Hall","notice_type":"EPB notice","date_of_issue":"12/02/2026","earthquake_rating":"Not determined","seismic_work_deadline":"29/01/2061","priority_building":false,"notice_issued_by":"Dunedin City Council","heritage_status":null,"area_of_seismic_risk":"Low","notice_count":2,"remediated":false,"approximate":false}},{"type":"Feature","geometry":{"type":"Point","coordinates":[170.5036826,-45.8763877]},"properties":{"address":"12 Dowling Street, Dunedin Central, Dunedin","suburb":"Dunedin Central","city":"Dunedin","common_names":null,"notice_type":"EPB notice","date_of_issue":"11/02/2026","earthquake_rating":"Not determined","seismic_work_deadline":"26/01/2061","priority_building":false,"notice_issued_by":"Dunedin City Council","heritage_status":"Scheduled by the TA","area_of_seismic_risk":"Low","notice_count":1,"remediated":false,"approximate":false}},{"type":"Feature","geometry":{"type":"Point","coordinates":[173.2858773,-41.274209]},"properties":{"address":"257 Hardy Street, Nelson","suburb":null,"city":"Nelson","common_names":"Lee Woodman Studios","notice_type":"EPB notice","date_of_issue":"25/02/2026","earthquake_rating":"20% to less than 34%","seismic_work_deadline":"15/01/2048","priority_building":false,"notice_issued_by":"Nelson City Council","heritage_status":"Scheduled by the TA","area_of_seismic_risk":"Medium","notice_count":1,"remediated":false,"approximate":false}},{"type":"Feature","geometry":{"type":"Point","coordinates":[174.7112166,-36.8703451]},"properties":{"address":"1186 Great North Road, Point Chevalier, Auckland","suburb":"Point Chevalier","city":"Auckland","common_names":null,"notice_type":"EPB notice","date_of_issue":"28/02/2020","earthquake_rating":"20% to less than 34%","seismic_work_deadline":"28/02/2055","priority_building":false,"notice_issued_by":"Auckland Council","heritage_status":null,"area_of_seismic_risk":"Low","notice_count":1,"remediated":true,"approximate":false}},{"type":"Feature","geometry":{"type":"Point","coordinates":[170.4980626,-45.87909]},"properties":{"address":"219 High Street, Dunedin Central, Dunedin","suburb":"Dunedin Central","city":"Dunedin","common_names":null,"notice_type":"EPB notice","date_of_issue":"11/02/2026","earthquake_rating":"Not determined","seismic_work_deadline":"26/01/2061","priority_building":false,"notice_issued_by":"Dunedin City Council","heritage_status":null,"area_of_seismic_risk":"Low","notice_count":1,"remediated":false,"approximate":false}},{"type":"Feature","geometry":{"type":"Point","coordinates":[174.7837064,-36.8627508]},"properties":{"address":"14 Ayr Street, Parnell, Auckland","suburb":"Parnell","city":"Auckland","common_names":null,"notice_type":"EPB notice","date_of_issue":"22/01/2020","earthquake_rating":"20% to less than 34%","seismic_work_deadline":"22/01/2055","priority_building":false,"notice_issued_by":"Auckland Council","heritage_status":"Scheduled by the TA","area_of_seismic_risk":"Low","notice_count":1,"remediated":false,"approximate":false}},{"type":"Feature","geometry":{"type":"Point","coordinates":[175.7739052,-37.8124979]},"properties":{"address":"17 Tui Street, Matamata","suburb":null,"city":"Matamata","common_names":null,"notice_type":"EPB notice","date_of_issue":"03/08/2023","earthquake_rating":"Not determined","seismic_work_deadline":"01/02/2036","priority_building":true,"notice_issued_by":"Matamata-Piako District Council","heritage_status":null,"area_of_seismic_risk":"Medium","notice_count":1,"remediated":true,"approximate":false}},{"type":"Feature","geometry":{"type":"Point","coordinates":[172.5212844,-43.5605639]},"properties":{"address":"82 Columbia Avenue, Hornby South, Christchurch","suburb":"Hornby South","city":"Christchurch","common_names":null,"notice_type":"EPB notice","date_of_issue":"14/10/2024","earthquake_rating":"0% to less than 20%","seismic_work_deadline":"14/10/2043","priority_building":false,"notice_issued_by":"Christchurch City Council","heritage_status":null,"area_of_seismic_risk":"High","notice_count":1,"remediated":true,"approximate":false}},{"type":"Feature","geometry":{"type":"Point","coordinates":[172.6966729,-43.5170222]},"properties":{"address":"101 Shortland Street, Wainoni, Christchurch","suburb":"Wainoni","city":"Christchurch","common_names":"CNC Building 1","notice_type":"EPB notice","date_of_issue":"18/01/2018","earthquake_rating":"0% to less than 20%","seismic_work_deadline":"18/01/2037","priority_building":false,"notice_issued_by":"Christchurch City Council","heritage_status":null,"area_of_seismic_risk":"High","notice_count":1,"remediated":true,"approximate":false}},{"type":"Feature","geometry":{"type":"Point","coordinates":[170.49906,-45.8944765]},"properties":{"address":"183 King Edward Street, South Dunedin, Dunedin","suburb":"South Dunedin","city":"Dunedin","common_names":null,"notice_type":"EPB notice","date_of_issue":"20/09/2023","earthquake_rating":"20% to less than 34%","seismic_work_deadline":"20/09/2062","priority_building":false,"notice_issued_by":"Dunedin City Council","heritage_status":"Scheduled by the TA","area_of_seismic_risk":"Low","notice_count":1,"remediated":true,"approximate":false}},{"type":"Feature","geometry":{"type":"Point","coordinates":[168.344813,-46.5992787]},"properties":{"address":"70 Gore Street, Bluff","suburb":null,"city":"Bluff","common_names":null,"notice_type":"EPB notice","date_of_issue":"05/05/2020","earthquake_rating":"0% to less than 20%","seismic_work_deadline":"05/10/2036","priority_building":true,"notice_issued_by":"Invercargill City Council","heritage_status":null,"area_of_seismic_risk":"Medium","notice_count":1,"remediated":false,"approximate":false}},{"type":"Feature","geometry":{"type":"Point","coordinates":[174.7846116,-41.2925872]},"properties":{"address":"279 Wakefield Street, Te Aro, Wellington","suburb":"Te Aro","city":"Wellington","common_names":"New World Wellington City","notice_type":"EPB notice","date_of_issue":"25/11/2024","earthquake_rating":"Not determined","seismic_work_deadline":"07/11/2035","priority_building":true,"notice_issued_by":"Wellington City Council","heritage_status":null,"area_of_seismic_risk":"High","notice_count":1,"remediated":true,"approximate":false}},{"type":"Feature","geometry":{"type":"Point","coordinates":[170.499018,-45.8808891]},"properties":{"address":"16 Carroll Street, Dunedin Central, Dunedin","suburb":"Dunedin Central","city":"Dunedin","common_names":null,"notice_type":"EPB notice","date_of_issue":"03/11/2025","earthquake_rating":"Not determined","seismic_work_deadline":"17/10/2060","priority_building":false,"notice_issued_by":"Dunedin City Council","heritage_status":null,"area_of_seismic_risk":"Low","notice_count":1,"remediated":true,"approximate":false}},{"type":"Feature","geometry":{"type":"Point","coordinates":[174.7741246,-41.2906058]},"properties":{"address":"161 Willis Street, Te Aro, Wellington","suburb":"Te Aro","city":"Wellington","common_names":"Invincible House","notice_type":"EPB notice","date_of_issue":"13/02/2026","earthquake_rating":"Not determined","seismic_work_deadline":"06/10/2040","priority_building":false,"notice_issued_by":"Wellington City Council","heritage_status":null,"area_of_seismic_risk":"High","notice_count":1,"remediated":false,"approximate":false}},{"type":"Feature","geometry":{"type":"Point","coordinates":[172.6099689,-43.4856067]},"properties":{"address":"94 Vagues Road, Northcote, Christchurch","suburb":"Northcote","city":"Christchurch","common_names":null,"notice_type":"EPB notice","date_of_issue":"12/02/2026","earthquake_rating":"20% to less than 34%","seismic_work_deadline":"12/08/2033","priority_building":true,"notice_issued_by":"Christchurch City Council","heritage_status":null,"area_of_seismic_risk":"High","notice_count":1,"remediated":false,"approximate":false}},{"type":"Feature","geometry":{"type":"Point","coordinates":[173.2864905,-41.274479]},"properties":{"address":"280 Hardy Street, Nelson","suburb":null,"city":"Nelson","common_names":"Sprig & Fern, Hardy Street, Nelson","notice_type":"EPB notice","date_of_issue":"27/02/2026","earthquake_rating":"0% to less than 20%","seismic_work_deadline":"27/11/2047","priority_building":false,"notice_issued_by":"Nelson City Council","heritage_status":"Scheduled by the TA","area_of_seismic_risk":"Medium","notice_count":1,"remediated":false,"approximate":false}},{"type":"Feature","geometry":{"type":"Point","coordinates":[171.229786,-44.3880193]},"properties":{"address":"12 Park Lane, Highfield, Timaru","suburb":"Highfield","city":"Timaru","common_names":null,"notice_type":"EPB notice","date_of_issue":"30/04/2025","earthquake_rating":"Not determined","seismic_work_deadline":"02/08/2053","priority_building":false,"notice_issued_by":"Timaru District Council","heritage_status":"Historic place category 2","area_of_seismic_risk":"Medium","notice_count":1,"remediated":true,"approximate":false}},{"type":"Feature","geometry":{"type":"Point","coordinates":[172.5174673,-43.5547661]},"properties":{"address":"17 Edmonton Road, Hornby South, Christchurch","suburb":"Hornby South","city":"Christchurch","common_names":null,"notice_type":"EPB notice","date_of_issue":"16/05/2025","earthquake_rating":"0% to less than 20%","seismic_work_deadline":"16/05/2040","priority_building":false,"notice_issued_by":"Christchurch City Council","heritage_status":null,"area_of_seismic_risk":"High","notice_count":1,"remediated":true,"approximate":false}},{"type":"Feature","geometry":{"type":"Point","coordinates":[172.5963634,-43.5428857]},"properties":{"address":"112 Wrights Road, Addington, Christchurch","suburb":"Addington","city":"Christchurch","common_names":null,"notice_type":"EPB notice","date_of_issue":"10/02/2026","earthquake_rating":"20% to less than 34%","seismic_work_deadline":"10/08/2033","priority_building":true,"notice_issued_by":"Christchurch City Council","heritage_status":null,"area_of_seismic_risk":"High","notice_count":1,"remediated":false,"approximate":false}},{"type":"Feature","geometry":{"type":"Point","coordinates":[170.5020627,-45.8934519]},"properties":{"address":"20 Braemar Street, South Dunedin, Dunedin","suburb":"South Dunedin","city":"Dunedin","common_names":"Gasworks Museum","notice_type":"EPB notice","date_of_issue":"27/01/2026","earthquake_rating":"0% to less than 20%","seismic_work_deadline":"27/01/2061","priority_building":false,"notice_issued_by":"Dunedin City Council","heritage_status":"Historic place category 1","area_of_seismic_risk":"Low","notice_count":2,"remediated":false,"approximate":false}},{"type":"Feature","geometry":{"type":"Point","coordinates":[174.7807365,-41.2771651]},"properties":{"address":"242 Thorndon Quay, Pipitea, Wellington","suburb":"Pipitea","city":"Wellington","common_names":null,"notice_type":"EPB notice","date_of_issue":"25/09/2025","earthquake_rating":"Not determined","seismic_work_deadline":"25/03/2033","priority_building":true,"notice_issued_by":"Wellington City Council","heritage_status":null,"area_of_seismic_risk":"High","notice_count":1,"remediated":true,"approximate":true}},{"type":"Feature","geometry":{"type":"Point","coordinates":[174.9022264,-41.2095482]},"properties":{"address":"165 High Street, Hutt Central, Lower Hutt","suburb":"Hutt Central","city":"Lower Hutt","common_names":null,"notice_type":"EPB notice","date_of_issue":"14/01/2026","earthquake_rating":"0% to less than 20%","seismic_work_deadline":"14/07/2036","priority_building":true,"notice_issued_by":"Hutt City Council","heritage_status":null,"area_of_seismic_risk":"High","notice_count":1,"remediated":false,"approximate":false}},{"type":"Feature","geometry":{"type":"Point","coordinates":[174.7919101,-41.3262884]},"properties":{"address":"112 Queens Drive, Melrose, Wellington","suburb":"Melrose","city":"Wellington","common_names":"Building C, Water Tower, AKA 7 Tavistock Road, Ngaroma","notice_type":"EPB notice","date_of_issue":"25/11/2024","earthquake_rating":"20% to less than 34%","seismic_work_deadline":"23/06/2036","priority_building":false,"notice_issued_by":"Wellington City Council","heritage_status":"Scheduled by the TA","area_of_seismic_risk":"High","notice_count":3,"remediated":true,"approximate":false}},{"type":"Feature","geometry":{"type":"Point","coordinates":[174.907333,-41.2215359]},"properties":{"address":"16 Ludlam Crescent, Woburn, Lower Hutt","suburb":"Woburn","city":"Lower Hutt","common_names":null,"notice_type":"EPB notice","date_of_issue":"18/12/2025","earthquake_rating":"0% to less than 20%","seismic_work_deadline":"18/12/2044","priority_building":false,"notice_issued_by":"Hutt City Council","heritage_status":null,"area_of_seismic_risk":"High","notice_count":1,"remediated":false,"approximate":true}},{"type":"Feature","geometry":{"type":"Point","coordinates":[174.9045245,-41.2108871]},"properties":{"address":"26 Knights Road, Hutt Central, Lower Hutt","suburb":"Hutt Central","city":"Lower Hutt","common_names":null,"notice_type":"EPB notice","date_of_issue":"18/12/2025","earthquake_rating":"0% to less than 20%","seismic_work_deadline":"18/12/2044","priority_building":false,"notice_issued_by":"Hutt City Council","heritage_status":null,"area_of_seismic_risk":"High","notice_count":1,"remediated":false,"approximate":false}},{"type":"Feature","geometry":{"type":"Point","coordinates":[174.8774371,-41.2248653]},"properties":{"address":"161 Jackson Street, Petone, Lower Hutt","suburb":"Petone","city":"Lower Hutt","common_names":null,"notice_type":"EPB notice","date_of_issue":"18/12/2025","earthquake_rating":"0% to less than 20%","seismic_work_deadline":"18/06/2036","priority_building":true,"notice_issued_by":"Hutt City Council","heritage_status":"Within historic area","area_of_seismic_risk":"High","notice_count":1,"remediated":false,"approximate":false}},{"type":"Feature","geometry":{"type":"Point","coordinates":[174.8666181,-41.2255817]},"properties":{"address":"160 The Esplanade, Petone, Lower Hutt","suburb":"Petone","city":"Lower Hutt","common_names":null,"notice_type":"EPB notice","date_of_issue":"18/12/2025","earthquake_rating":"0% to less than 20%","seismic_work_deadline":"18/12/2044","priority_building":false,"notice_issued_by":"Hutt City Council","heritage_status":"Scheduled by the TA","area_of_seismic_risk":"High","notice_count":1,"remediated":false,"approximate":true}},{"type":"Feature","geometry":{"type":"Point","coordinates":[174.9355119,-41.1986113]},"properties":{"address":"839 High Street, Boulcott, Lower Hutt","suburb":"Boulcott","city":"Lower Hutt","common_names":null,"notice_type":"EPB notice","date_of_issue":"11/12/2025","earthquake_rating":"Not determined","seismic_work_deadline":"11/12/2044","priority_building":false,"notice_issued_by":"Hutt City Council","heritage_status":null,"area_of_seismic_risk":"High","notice_count":1,"remediated":false,"approximate":false}},{"type":"Feature","geometry":{"type":"Point","coordinates":[174.8772827,-41.2251095]},"properties":{"address":"218 Jackson Street, Petone, Lower Hutt","suburb":"Petone","city":"Lower Hutt","common_names":null,"notice_type":"EPB notice","date_of_issue":"11/12/2025","earthquake_rating":"Not determined","seismic_work_deadline":"11/06/2036","priority_building":true,"notice_issued_by":"Hutt City Council","heritage_status":"Within historic area","area_of_seismic_risk":"High","notice_count":1,"remediated":false,"approximate":false}},{"type":"Feature","geometry":{"type":"Point","coordinates":[174.889221,-41.2284701]},"properties":{"address":"399 Jackson Street, Petone, Lower Hutt","suburb":"Petone","city":"Lower Hutt","common_names":null,"notice_type":"EPB notice","date_of_issue":"18/12/2025","earthquake_rating":"Not determined","seismic_work_deadline":"18/12/2044","priority_building":false,"notice_issued_by":"Hutt City Council","heritage_status":null,"area_of_seismic_risk":"High","notice_count":1,"remediated":false,"approximate":false}},{"type":"Feature","geometry":{"type":"Point","coordinates":[174.8790235,-41.2255617]},"properties":{"address":"258 Jackson Street, Petone, Lower Hutt","suburb":"Petone","city":"Lower Hutt","common_names":null,"notice_type":"EPB notice","date_of_issue":"17/12/2025","earthquake_rating":"Not determined","seismic_work_deadline":"17/06/2036","priority_building":true,"notice_issued_by":"Hutt City Council","heritage_status":"Within historic area","area_of_seismic_risk":"High","notice_count":1,"remediated":false,"approximate":false}},{"type":"Feature","geometry":{"type":"Point","coordinates":[174.9331658,-41.2111958]},"properties":{"address":"233 Waiwhetu Road, Fairfield, Lower Hutt","suburb":"Fairfield","city":"Lower Hutt","common_names":null,"notice_type":"EPB notice","date_of_issue":"18/12/2025","earthquake_rating":"Not determined","seismic_work_deadline":"18/12/2044","priority_building":false,"notice_issued_by":"Hutt City Council","heritage_status":null,"area_of_seismic_risk":"High","notice_count":1,"remediated":false,"approximate":false}},{"type":"Feature","geometry":{"type":"Point","coordinates":[174.8957486,-41.2113243]},"properties":{"address":"19 Aglionby Street, Melling, Lower Hutt","suburb":"Melling","city":"Lower Hutt","common_names":null,"notice_type":"EPB notice","date_of_issue":"18/12/2025","earthquake_rating":"20% to less than 34%","seismic_work_deadline":"18/12/2044","priority_building":false,"notice_issued_by":"Hutt City Council","heritage_status":null,"area_of_seismic_risk":"High","notice_count":1,"remediated":false,"approximate":false}},{"type":"Feature","geometry":{"type":"Point","coordinates":[174.9054889,-41.2265626]},"properties":{"address":"125 Randwick Road, Moera, Lower Hutt","suburb":"Moera","city":"Lower Hutt","common_names":null,"notice_type":"EPB notice","date_of_issue":"18/12/2025","earthquake_rating":"Not determined","seismic_work_deadline":"18/12/2044","priority_building":false,"notice_issued_by":"Hutt City Council","heritage_status":null,"area_of_seismic_risk":"High","notice_count":1,"remediated":false,"approximate":false}},{"type":"Feature","geometry":{"type":"Point","coordinates":[174.9054998,-41.2266294]},"properties":{"address":"123 Randwick Road, Moera, Lower Hutt","suburb":"Moera","city":"Lower Hutt","common_names":null,"notice_type":"EPB notice","date_of_issue":"18/12/2025","earthquake_rating":"Not determined","seismic_work_deadline":"18/12/2044","priority_building":false,"notice_issued_by":"Hutt City Council","heritage_status":null,"area_of_seismic_risk":"High","notice_count":1,"remediated":false,"approximate":false}},{"type":"Feature","geometry":{"type":"Point","coordinates":[174.9171617,-41.2058725]},"properties":{"address":"113 Kings Crescent, Hutt Central, Lower Hutt","suburb":"Hutt Central","city":"Lower Hutt","common_names":null,"notice_type":"EPB notice","date_of_issue":"18/12/2025","earthquake_rating":"Not determined","seismic_work_deadline":"18/12/2044","priority_building":false,"notice_issued_by":"Hutt City Council","heritage_status":null,"area_of_seismic_risk":"High","notice_count":1,"remediated":false,"approximate":false}},{"type":"Feature","geometry":{"type":"Point","coordinates":[174.8875556,-41.2227114]},"properties":{"address":"106 Cuba Street, Petone, Lower Hutt","suburb":"Petone","city":"Lower Hutt","common_names":null,"notice_type":"EPB notice","date_of_issue":"18/12/2025","earthquake_rating":"Not determined","seismic_work_deadline":"18/06/2036","priority_building":true,"notice_issued_by":"Hutt City Council","heritage_status":null,"area_of_seismic_risk":"High","notice_count":1,"remediated":false,"approximate":false}},{"type":"Feature","geometry":{"type":"Point","coordinates":[174.9500287,-41.189749]},"properties":{"address":"1037 High Street, Avalon, Lower Hutt","suburb":"Avalon","city":"Lower Hutt","common_names":null,"notice_type":"EPB notice","date_of_issue":"11/12/2025","earthquake_rating":"Not determined","seismic_work_deadline":"11/12/2044","priority_building":false,"notice_issued_by":"Hutt City Council","heritage_status":null,"area_of_seismic_risk":"High","notice_count":1,"remediated":false,"approximate":false}},{"type":"Feature","geometry":{"type":"Point","coordinates":[174.9470389,-41.1992571]},"properties":{"address":"1 A Everest Avenue, Naenae, Lower Hutt","suburb":"Naenae","city":"Lower Hutt","common_names":null,"notice_type":"EPB notice","date_of_issue":"17/12/2025","earthquake_rating":"Not determined","seismic_work_deadline":"17/06/2036","priority_building":true,"notice_issued_by":"Hutt City Council","heritage_status":null,"area_of_seismic_risk":"High","notice_count":1,"remediated":false,"approximate":false}},{"type":"Feature","geometry":{"type":"Point","coordinates":[170.4318575,-45.9017264]},"properties":{"address":"194 B Main South Road, Green Island, Dunedin","suburb":"Green Island","city":"Dunedin","common_names":null,"notice_type":"EPB notice","date_of_issue":"27/01/2026","earthquake_rating":"Not determined","seismic_work_deadline":"31/12/2060","priority_building":false,"notice_issued_by":"Dunedin City Council","heritage_status":null,"area_of_seismic_risk":"Low","notice_count":1,"remediated":false,"approximate":false}},{"type":"Feature","geometry":{"type":"Point","coordinates":[170.4981579,-45.8954158]},"properties":{"address":"53 Fox Street, South Dunedin, Dunedin","suburb":"South Dunedin","city":"Dunedin","common_names":"Former Dangerous Goods Store","notice_type":"EPB notice","date_of_issue":"08/12/2025","earthquake_rating":"Not determined","seismic_work_deadline":"22/11/2060","priority_building":false,"notice_issued_by":"Dunedin City Council","heritage_status":null,"area_of_seismic_risk":"Low","notice_count":1,"remediated":false,"approximate":false}},{"type":"Feature","geometry":{"type":"Point","coordinates":[170.4953339,-45.8883229]},"properties":{"address":"18 South Road, Dunedin Central, Dunedin","suburb":"Dunedin Central","city":"Dunedin","common_names":"former Morgue","notice_type":"EPB notice","date_of_issue":"26/11/2025","earthquake_rating":"20% to less than 34%","seismic_work_deadline":"26/11/2060","priority_building":false,"notice_issued_by":"Dunedin City Council","heritage_status":"Historic place category 1","area_of_seismic_risk":"Low","notice_count":1,"remediated":false,"approximate":false}},{"type":"Feature","geometry":{"type":"Point","coordinates":[170.5236952,-45.8617897]},"properties":{"address":"40 Lovelock Avenue, North Dunedin, Dunedin","suburb":"North Dunedin","city":"Dunedin","common_names":"Sextons Cottage","notice_type":"EPB notice","date_of_issue":"25/11/2025","earthquake_rating":"20% to less than 34%","seismic_work_deadline":"25/11/2060","priority_building":false,"notice_issued_by":"Dunedin City Council","heritage_status":"Historic place category 1","area_of_seismic_risk":"Low","notice_count":2,"remediated":false,"approximate":false}},{"type":"Feature","geometry":{"type":"Point","coordinates":[170.5078225,-45.8670333]},"properties":{"address":"454 George Street, North Dunedin, Dunedin","suburb":"North Dunedin","city":"Dunedin","common_names":null,"notice_type":"EPB notice","date_of_issue":"02/12/2025","earthquake_rating":"Not determined","seismic_work_deadline":"20/11/2060","priority_building":false,"notice_issued_by":"Dunedin City Council","heritage_status":"Scheduled by the TA","area_of_seismic_risk":"Low","notice_count":1,"remediated":false,"approximate":false}},{"type":"Feature","geometry":{"type":"Point","coordinates":[170.4901364,-45.8674407]},"properties":{"address":"288 Highgate, Roslyn, Dunedin","suburb":"Roslyn","city":"Dunedin","common_names":"includes 288 Highgate, 290 Highgate, 292 Highgate and 294 Highgate.","notice_type":"EPB notice","date_of_issue":"03/11/2025","earthquake_rating":"Not determined","seismic_work_deadline":"18/10/2060","priority_building":false,"notice_issued_by":"Dunedin City Council","heritage_status":null,"area_of_seismic_risk":"Low","notice_count":1,"remediated":false,"approximate":false}},{"type":"Feature","geometry":{"type":"Point","coordinates":[170.4994682,-45.8807037]},"properties":{"address":"4 Carroll Street, Dunedin Central, Dunedin","suburb":"Dunedin Central","city":"Dunedin","common_names":"building at rear of site (6 Carroll St)","notice_type":"EPB notice","date_of_issue":"02/12/2025","earthquake_rating":"Not determined","seismic_work_deadline":"11/11/2060","priority_building":false,"notice_issued_by":"Dunedin City Council","heritage_status":"Scheduled by the TA","area_of_seismic_risk":"Low","notice_count":2,"remediated":false,"approximate":false}},{"type":"Feature","geometry":{"type":"Point","coordinates":[170.5111875,-45.8774913]},"properties":{"address":"14 Tewsley Street, Dunedin Central, Dunedin","suburb":"Dunedin Central","city":"Dunedin","common_names":null,"notice_type":"EPB notice","date_of_issue":"04/12/2025","earthquake_rating":"Not determined","seismic_work_deadline":"06/11/2060","priority_building":false,"notice_issued_by":"Dunedin City Council","heritage_status":null,"area_of_seismic_risk":"Low","notice_count":1,"remediated":false,"approximate":false}},{"type":"Feature","geometry":{"type":"Point","coordinates":[170.5069612,-45.8749212]},"properties":{"address":"52 Stuart Street, Dunedin Central, Dunedin","suburb":"Dunedin Central","city":"Dunedin","common_names":"Store / Office building","notice_type":"EPB notice","date_of_issue":"28/11/2025","earthquake_rating":"Not determined","seismic_work_deadline":"07/12/2059","priority_building":false,"notice_issued_by":"Dunedin City Council","heritage_status":"Within historic area","area_of_seismic_risk":"Low","notice_count":4,"remediated":false,"approximate":false}},{"type":"Feature","geometry":{"type":"Point","coordinates":[175.0410074,-39.9261477]},"properties":{"address":"374 Victoria Avenue, Whanganui","suburb":null,"city":"Whanganui","common_names":"NEW WORLD SUPERMARKET","notice_type":"EPB notice","date_of_issue":"28/01/2026","earthquake_rating":"0% to less than 20%","seismic_work_deadline":"28/01/2051","priority_building":false,"notice_issued_by":"Whanganui District Council","heritage_status":null,"area_of_seismic_risk":"Medium","notice_count":1,"remediated":false,"approximate":false}},{"type":"Feature","geometry":{"type":"Point","coordinates":[170.4996808,-45.8946414]},"properties":{"address":"200 King Edward Street, South Dunedin, Dunedin","suburb":"South Dunedin","city":"Dunedin","common_names":null,"notice_type":"EPB notice","date_of_issue":"03/12/2025","earthquake_rating":"Not determined","seismic_work_deadline":"22/11/2060","priority_building":false,"notice_issued_by":"Dunedin City Council","heritage_status":null,"area_of_seismic_risk":"Low","notice_count":1,"remediated":false,"approximate":false}},{"type":"Feature","geometry":{"type":"Point","coordinates":[170.5217343,-45.8671549]},"properties":{"address":"190 Union Street, North Dunedin, Dunedin","suburb":"North Dunedin","city":"Dunedin","common_names":"Squash Courts at 33 Logan Park","notice_type":"EPB notice","date_of_issue":"06/12/2025","earthquake_rating":"0% to less than 20%","seismic_work_deadline":"28/08/2060","priority_building":false,"notice_issued_by":"Dunedin City Council","heritage_status":null,"area_of_seismic_risk":"Low","notice_count":3,"remediated":false,"approximate":false}},{"type":"Feature","geometry":{"type":"Point","coordinates":[170.5118322,-45.8672381]},"properties":{"address":"74 Albany Street, North Dunedin, Dunedin","suburb":"North Dunedin","city":"Dunedin","common_names":null,"notice_type":"EPB notice","date_of_issue":"10/12/2025","earthquake_rating":"0% to less than 20%","seismic_work_deadline":"10/12/2060","priority_building":false,"notice_issued_by":"Dunedin City Council","heritage_status":null,"area_of_seismic_risk":"Low","notice_count":1,"remediated":false,"approximate":false}},{"type":"Feature","geometry":{"type":"Point","coordinates":[173.2836062,-41.2708532]},"properties":{"address":"110 Trafalgar Street, Nelson","suburb":null,"city":"Nelson","common_names":"Civic House - Savings Bank Building","notice_type":"EPB notice","date_of_issue":"04/02/2026","earthquake_rating":"Not determined","seismic_work_deadline":"03/03/2051","priority_building":false,"notice_issued_by":"Nelson City Council","heritage_status":null,"area_of_seismic_risk":"Medium","notice_count":2,"remediated":false,"approximate":false}},{"type":"Feature","geometry":{"type":"Point","coordinates":[170.4892203,-45.9075926]},"properties":{"address":"12 Ings Avenue, Saint Clair, Dunedin","suburb":"Saint Clair","city":"Dunedin","common_names":"Homestead Building","notice_type":"EPB notice","date_of_issue":"30/05/2023","earthquake_rating":"0% to less than 20%","seismic_work_deadline":"30/06/2062","priority_building":false,"notice_issued_by":"Dunedin City Council","heritage_status":null,"area_of_seismic_risk":"Low","notice_count":1,"remediated":false,"approximate":false}},{"type":"Feature","geometry":{"type":"Point","coordinates":[170.4991986,-45.8903567]},"properties":{"address":"24 Bridgman Street, Kensington, Dunedin","suburb":"Kensington","city":"Dunedin","common_names":"Kensington Drill Hall - Dunedin","notice_type":"EPB notice","date_of_issue":"04/10/2022","earthquake_rating":"0% to less than 20%","seismic_work_deadline":"04/10/2061","priority_building":false,"notice_issued_by":"Dunedin City Council","heritage_status":null,"area_of_seismic_risk":"Low","notice_count":1,"remediated":false,"approximate":false}},{"type":"Feature","geometry":{"type":"Point","coordinates":[170.501172,-45.873581]},"properties":{"address":"233 Stuart Street, Dunedin Central, Dunedin","suburb":"Dunedin Central","city":"Dunedin","common_names":null,"notice_type":"EPB notice","date_of_issue":"03/10/2023","earthquake_rating":"0% to less than 20%","seismic_work_deadline":"03/10/2062","priority_building":false,"notice_issued_by":"Dunedin City Council","heritage_status":"Scheduled by the TA","area_of_seismic_risk":"Low","notice_count":1,"remediated":false,"approximate":false}},{"type":"Feature","geometry":{"type":"Point","coordinates":[170.5257804,-45.8644001]},"properties":{"address":"48 Logan Park Drive, North Dunedin, Dunedin","suburb":"North Dunedin","city":"Dunedin","common_names":"Sargood Centre","notice_type":"EPB notice","date_of_issue":"18/03/2024","earthquake_rating":"20% to less than 34%","seismic_work_deadline":"28/02/2063","priority_building":false,"notice_issued_by":"Dunedin City Council","heritage_status":null,"area_of_seismic_risk":"Low","notice_count":1,"remediated":false,"approximate":false}},{"type":"Feature","geometry":{"type":"Point","coordinates":[170.5097545,-45.872546]},"properties":{"address":"85 Castle Street, Dunedin Central, Dunedin","suburb":"Dunedin Central","city":"Dunedin","common_names":"Central Fire Station","notice_type":"EPB notice","date_of_issue":"24/05/2023","earthquake_rating":"20% to less than 34%","seismic_work_deadline":"25/05/2062","priority_building":false,"notice_issued_by":"Dunedin City Council","heritage_status":"Historic place category 2","area_of_seismic_risk":"Low","notice_count":3,"remediated":false,"approximate":false}},{"type":"Feature","geometry":{"type":"Point","coordinates":[170.5014486,-45.8823059]},"properties":{"address":"141 Crawford Street, Dunedin Central, Dunedin","suburb":"Dunedin Central","city":"Dunedin","common_names":null,"notice_type":"EPB notice","date_of_issue":"22/07/2024","earthquake_rating":"20% to less than 34%","seismic_work_deadline":"22/07/2063","priority_building":false,"notice_issued_by":"Dunedin City Council","heritage_status":null,"area_of_seismic_risk":"Low","notice_count":1,"remediated":false,"approximate":false}},{"type":"Feature","geometry":{"type":"Point","coordinates":[170.5057756,-45.8748775]},"properties":{"address":"91 Stuart Street, Dunedin Central, Dunedin","suburb":"Dunedin Central","city":"Dunedin","common_names":null,"notice_type":"EPB notice","date_of_issue":"16/08/2024","earthquake_rating":"20% to less than 34%","seismic_work_deadline":"16/08/2063","priority_building":false,"notice_issued_by":"Dunedin City Council","heritage_status":"Scheduled by the TA","area_of_seismic_risk":"Low","notice_count":1,"remediated":false,"approximate":false}},{"type":"Feature","geometry":{"type":"Point","coordinates":[170.5025062,-45.87828]},"properties":{"address":"15 Bond Street, Dunedin Central, Dunedin","suburb":"Dunedin Central","city":"Dunedin","common_names":null,"notice_type":"EPB notice","date_of_issue":"23/02/2024","earthquake_rating":"Not determined","seismic_work_deadline":"23/02/2063","priority_building":false,"notice_issued_by":"Dunedin City Council","heritage_status":"Scheduled by the TA","area_of_seismic_risk":"Low","notice_count":1,"remediated":false,"approximate":false}},{"type":"Feature","geometry":{"type":"Point","coordinates":[170.4981894,-45.8936728]},"properties":{"address":"127 King Edward Street, South Dunedin, Dunedin","suburb":"South Dunedin","city":"Dunedin","common_names":null,"notice_type":"EPB notice","date_of_issue":"21/02/2024","earthquake_rating":"Not determined","seismic_work_deadline":"21/02/2063","priority_building":false,"notice_issued_by":"Dunedin City Council","heritage_status":"Scheduled by the TA","area_of_seismic_risk":"Low","notice_count":1,"remediated":false,"approximate":false}},{"type":"Feature","geometry":{"type":"Point","coordinates":[170.4984159,-45.8936389]},"properties":{"address":"133 King Edward Street, South Dunedin, Dunedin","suburb":"South Dunedin","city":"Dunedin","common_names":null,"notice_type":"EPB notice","date_of_issue":"01/11/2024","earthquake_rating":"0% to less than 20%","seismic_work_deadline":"01/11/2063","priority_building":false,"notice_issued_by":"Dunedin City Council","heritage_status":null,"area_of_seismic_risk":"Low","notice_count":1,"remediated":false,"approximate":false}},{"type":"Feature","geometry":{"type":"Point","coordinates":[170.3455099,-45.8888401]},"properties":{"address":"4 Cemetery Road, East Taieri, Mosgiel","suburb":"East Taieri","city":"Mosgiel","common_names":null,"notice_type":"EPB notice","date_of_issue":"30/09/2024","earthquake_rating":"20% to less than 34%","seismic_work_deadline":"30/09/2063","priority_building":false,"notice_issued_by":"Dunedin City Council","heritage_status":null,"area_of_seismic_risk":"Low","notice_count":1,"remediated":false,"approximate":false}},{"type":"Feature","geometry":{"type":"Point","coordinates":[170.5022277,-45.8802024]},"properties":{"address":"65 Crawford Street, Dunedin Central, Dunedin","suburb":"Dunedin Central","city":"Dunedin","common_names":"SAMMYS ENTERTAINMENT VENUE","notice_type":"EPB notice","date_of_issue":"03/11/2021","earthquake_rating":"20% to less than 34%","seismic_work_deadline":"03/11/2060","priority_building":false,"notice_issued_by":"Dunedin City Council","heritage_status":"Historic place category 1","area_of_seismic_risk":"Low","notice_count":1,"remediated":false,"approximate":false}},{"type":"Feature","geometry":{"type":"Point","coordinates":[170.494069,-45.8542891]},"properties":{"address":"1 Balmacewen Road, Maori Hill, Dunedin","suburb":"Maori Hill","city":"Dunedin","common_names":null,"notice_type":"EPB notice","date_of_issue":"15/12/2021","earthquake_rating":"0% to less than 20%","seismic_work_deadline":"15/12/2060","priority_building":false,"notice_issued_by":"Dunedin City Council","heritage_status":null,"area_of_seismic_risk":"Low","notice_count":1,"remediated":false,"approximate":true}},{"type":"Feature","geometry":{"type":"Point","coordinates":[170.6730296,-45.6121445]},"properties":{"address":"188 Beach Street, Waikouaiti","suburb":null,"city":"Waikouaiti","common_names":null,"notice_type":"EPB notice","date_of_issue":"21/12/2021","earthquake_rating":"20% to less than 34%","seismic_work_deadline":"21/12/2060","priority_building":false,"notice_issued_by":"Dunedin City Council","heritage_status":null,"area_of_seismic_risk":"Low","notice_count":1,"remediated":false,"approximate":false}},{"type":"Feature","geometry":{"type":"Point","coordinates":[170.5058144,-45.9023504]},"properties":{"address":"74 Prince Albert Road, Dunedin","suburb":null,"city":"Dunedin","common_names":null,"notice_type":"EPB notice","date_of_issue":"28/01/2022","earthquake_rating":"20% to less than 34%","seismic_work_deadline":"28/01/2061","priority_building":false,"notice_issued_by":"Dunedin City Council","heritage_status":null,"area_of_seismic_risk":"Low","notice_count":1,"remediated":false,"approximate":false}},{"type":"Feature","geometry":{"type":"Point","coordinates":[170.4972893,-45.86963]},"properties":{"address":"60 Littlebourne Road, Roslyn, Dunedin","suburb":"Roslyn","city":"Dunedin","common_names":"Moana Pool","notice_type":"EPB notice","date_of_issue":"20/12/2021","earthquake_rating":"20% to less than 34%","seismic_work_deadline":"20/12/2060","priority_building":false,"notice_issued_by":"Dunedin City Council","heritage_status":null,"area_of_seismic_risk":"Low","notice_count":1,"remediated":false,"approximate":false}},{"type":"Feature","geometry":{"type":"Point","coordinates":[170.5363891,-45.9055697]},"properties":{"address":"192 Tomahawk Road, Andersons Bay, Dunedin","suburb":"Andersons Bay","city":"Dunedin","common_names":"Andersons Bay Cemetery Crematorium Complex","notice_type":"EPB notice","date_of_issue":"10/12/2021","earthquake_rating":"0% to less than 20%","seismic_work_deadline":"10/12/2060","priority_building":false,"notice_issued_by":"Dunedin City Council","heritage_status":null,"area_of_seismic_risk":"Low","notice_count":1,"remediated":false,"approximate":false}},{"type":"Feature","geometry":{"type":"Point","coordinates":[170.4958005,-45.8683379]},"properties":{"address":"26 Littlebourne Road, Roslyn, Dunedin","suburb":"Roslyn","city":"Dunedin","common_names":null,"notice_type":"EPB notice","date_of_issue":"08/11/2021","earthquake_rating":"0% to less than 20%","seismic_work_deadline":"08/11/2060","priority_building":false,"notice_issued_by":"Dunedin City Council","heritage_status":null,"area_of_seismic_risk":"Low","notice_count":1,"remediated":false,"approximate":false}},{"type":"Feature","geometry":{"type":"Point","coordinates":[170.513473,-45.873015]},"properties":{"address":"61 Ward Street, Dunedin Central, Dunedin","suburb":"Dunedin Central","city":"Dunedin","common_names":null,"notice_type":"EPB notice","date_of_issue":"09/11/2021","earthquake_rating":"20% to less than 34%","seismic_work_deadline":"09/11/2060","priority_building":false,"notice_issued_by":"Dunedin City Council","heritage_status":null,"area_of_seismic_risk":"Low","notice_count":1,"remediated":false,"approximate":false}},{"type":"Feature","geometry":{"type":"Point","coordinates":[170.502417,-45.8797638]},"properties":{"address":"57 Crawford Street, Dunedin Central, Dunedin","suburb":"Dunedin Central","city":"Dunedin","common_names":null,"notice_type":"EPB notice","date_of_issue":"11/07/2023","earthquake_rating":"20% to less than 34%","seismic_work_deadline":"11/07/2062","priority_building":false,"notice_issued_by":"Dunedin City Council","heritage_status":"Scheduled by the TA","area_of_seismic_risk":"Low","notice_count":1,"remediated":false,"approximate":false}},{"type":"Feature","geometry":{"type":"Point","coordinates":[170.5187238,-45.9050244]},"properties":{"address":"35 Victoria Road, Saint Kilda, Dunedin","suburb":"Saint Kilda","city":"Dunedin","common_names":null,"notice_type":"EPB notice","date_of_issue":"08/11/2021","earthquake_rating":"20% to less than 34%","seismic_work_deadline":"03/11/2060","priority_building":false,"notice_issued_by":"Dunedin City Council","heritage_status":null,"area_of_seismic_risk":"Low","notice_count":1,"remediated":false,"approximate":false}},{"type":"Feature","geometry":{"type":"Point","coordinates":[170.5104766,-45.8732932]},"properties":{"address":"211 St Andrew Street, Dunedin Central, Dunedin","suburb":"Dunedin Central","city":"Dunedin","common_names":null,"notice_type":"EPB notice","date_of_issue":"09/09/2022","earthquake_rating":"0% to less than 20%","seismic_work_deadline":"09/09/2061","priority_building":false,"notice_issued_by":"Dunedin City Council","heritage_status":null,"area_of_seismic_risk":"Low","notice_count":7,"remediated":false,"approximate":false}},{"type":"Feature","geometry":{"type":"Point","coordinates":[170.4625338,-45.8964756]},"properties":{"address":"184 Mornington Road, Kenmure, Dunedin","suburb":"Kenmure","city":"Dunedin","common_names":"Lookout Point Fire Station","notice_type":"EPB notice","date_of_issue":"21/03/2023","earthquake_rating":"20% to less than 34%","seismic_work_deadline":"21/03/2062","priority_building":false,"notice_issued_by":"Dunedin City Council","heritage_status":null,"area_of_seismic_risk":"Low","notice_count":1,"remediated":false,"approximate":false}},{"type":"Feature","geometry":{"type":"Point","coordinates":[170.353084,-45.8761705]},"properties":{"address":"16 A Green Street, Mosgiel","suburb":null,"city":"Mosgiel","common_names":"Mosgiel Fire Station","notice_type":"EPB notice","date_of_issue":"21/03/2023","earthquake_rating":"20% to less than 34%","seismic_work_deadline":"21/03/2062","priority_building":false,"notice_issued_by":"Dunedin City Council","heritage_status":null,"area_of_seismic_risk":"Low","notice_count":1,"remediated":false,"approximate":false}},{"type":"Feature","geometry":{"type":"Point","coordinates":[170.6509856,-45.8403443]},"properties":{"address":"1 Hereweka Street, Portobello, Dunedin","suburb":"Portobello","city":"Dunedin","common_names":"Portobello Fire Station","notice_type":"EPB notice","date_of_issue":"22/03/2023","earthquake_rating":"0% to less than 20%","seismic_work_deadline":"22/03/2062","priority_building":false,"notice_issued_by":"Dunedin City Council","heritage_status":null,"area_of_seismic_risk":"Low","notice_count":1,"remediated":false,"approximate":false}},{"type":"Feature","geometry":{"type":"Point","coordinates":[170.6716461,-45.5966439]},"properties":{"address":"7 Court Street, Waikouaiti","suburb":null,"city":"Waikouaiti","common_names":"Waikouaiti Fire Station","notice_type":"EPB notice","date_of_issue":"22/03/2023","earthquake_rating":"0% to less than 20%","seismic_work_deadline":"22/03/2062","priority_building":false,"notice_issued_by":"Dunedin City Council","heritage_status":null,"area_of_seismic_risk":"Low","notice_count":1,"remediated":false,"approximate":false}},{"type":"Feature","geometry":{"type":"Point","coordinates":[170.3283456,-45.9493742]},"properties":{"address":"8 Cole Street, Brighton, Dunedin","suburb":"Brighton","city":"Dunedin","common_names":"Brighton Fire Station","notice_type":"EPB notice","date_of_issue":"22/03/2023","earthquake_rating":"20% to less than 34%","seismic_work_deadline":"21/03/2062","priority_building":false,"notice_issued_by":"Dunedin City Council","heritage_status":null,"area_of_seismic_risk":"Low","notice_count":1,"remediated":false,"approximate":false}},{"type":"Feature","geometry":{"type":"Point","coordinates":[170.5144162,-45.8661697]},"properties":{"address":"276 Leith Street, North Dunedin, Dunedin","suburb":"North Dunedin","city":"Dunedin","common_names":"Richardson Building","notice_type":"EPB notice","date_of_issue":"21/05/2024","earthquake_rating":"0% to less than 20%","seismic_work_deadline":"21/05/2063","priority_building":false,"notice_issued_by":"Dunedin City Council","heritage_status":"Historic place category 1","area_of_seismic_risk":"Low","notice_count":1,"remediated":false,"approximate":false}},{"type":"Feature","geometry":{"type":"Point","coordinates":[170.4951225,-45.8713308]},"properties":{"address":"2 Arthur Street, Dunedin Central, Dunedin","suburb":"Dunedin Central","city":"Dunedin","common_names":"Shand Building","notice_type":"EPB notice","date_of_issue":"11/10/2022","earthquake_rating":"Not determined","seismic_work_deadline":"11/10/2061","priority_building":false,"notice_issued_by":"Dunedin City Council","heritage_status":"Within historic area","area_of_seismic_risk":"Low","notice_count":2,"remediated":false,"approximate":false}},{"type":"Feature","geometry":{"type":"Point","coordinates":[170.5111849,-45.8772671]},"properties":{"address":"44 Cresswell Street, Dunedin Central, Dunedin","suburb":"Dunedin Central","city":"Dunedin","common_names":null,"notice_type":"EPB notice","date_of_issue":"04/09/2024","earthquake_rating":"Not determined","seismic_work_deadline":"03/08/2063","priority_building":false,"notice_issued_by":"Dunedin City Council","heritage_status":null,"area_of_seismic_risk":"Low","notice_count":1,"remediated":false,"approximate":false}},{"type":"Feature","geometry":{"type":"Point","coordinates":[170.4989324,-45.9080907]},"properties":{"address":"146 Victoria Road, Saint Kilda, Dunedin","suburb":"Saint Kilda","city":"Dunedin","common_names":"Old Stand","notice_type":"EPB notice","date_of_issue":"07/02/2023","earthquake_rating":"20% to less than 34%","seismic_work_deadline":"07/02/2062","priority_building":false,"notice_issued_by":"Dunedin City Council","heritage_status":null,"area_of_seismic_risk":"Low","notice_count":4,"remediated":false,"approximate":false}},{"type":"Feature","geometry":{"type":"Point","coordinates":[170.5071005,-45.8683206]},"properties":{"address":"384 George Street, Dunedin Central, Dunedin","suburb":"Dunedin Central","city":"Dunedin","common_names":null,"notice_type":"EPB notice","date_of_issue":"14/07/2022","earthquake_rating":"0% to less than 20%","seismic_work_deadline":"14/07/2061","priority_building":false,"notice_issued_by":"Dunedin City Council","heritage_status":"Scheduled by the TA","area_of_seismic_risk":"Low","notice_count":1,"remediated":false,"approximate":false}},{"type":"Feature","geometry":{"type":"Point","coordinates":[172.5020646,-43.541447]},"properties":{"address":"400 Waterloo Road, Islington, Christchurch","suburb":"Islington","city":"Christchurch","common_names":"Venison Yards","notice_type":"EPB notice","date_of_issue":"08/05/2024","earthquake_rating":"20% to less than 34%","seismic_work_deadline":"08/05/2043","priority_building":false,"notice_issued_by":"Christchurch City Council","heritage_status":null,"area_of_seismic_risk":"High","notice_count":18,"remediated":false,"approximate":false}},{"type":"Feature","geometry":{"type":"Point","coordinates":[170.5096151,-45.8743025]},"properties":{"address":"15 Anzac Avenue, Dunedin Central, Dunedin","suburb":"Dunedin Central","city":"Dunedin","common_names":null,"notice_type":"EPB notice","date_of_issue":"12/12/2022","earthquake_rating":"Not determined","seismic_work_deadline":"12/12/2061","priority_building":false,"notice_issued_by":"Dunedin City Council","heritage_status":null,"area_of_seismic_risk":"Low","notice_count":1,"remediated":false,"approximate":false}},{"type":"Feature","geometry":{"type":"Point","coordinates":[170.5065815,-45.8694967]},"properties":{"address":"320 George Street, Dunedin Central, Dunedin","suburb":"Dunedin Central","city":"Dunedin","common_names":null,"notice_type":"EPB notice","date_of_issue":"01/10/2024","earthquake_rating":"Not determined","seismic_work_deadline":"05/09/2063","priority_building":false,"notice_issued_by":"Dunedin City Council","heritage_status":"Scheduled by the TA","area_of_seismic_risk":"Low","notice_count":1,"remediated":false,"approximate":false}},{"type":"Feature","geometry":{"type":"Point","coordinates":[170.5247332,-45.8502251]},"properties":{"address":"11 Allen Street, North East Valley, Dunedin","suburb":"North East Valley","city":"Dunedin","common_names":null,"notice_type":"EPB notice","date_of_issue":"03/11/2022","earthquake_rating":"Not determined","seismic_work_deadline":"03/11/2057","priority_building":false,"notice_issued_by":"Dunedin City Council","heritage_status":null,"area_of_seismic_risk":"Low","notice_count":1,"remediated":true,"approximate":false}},{"type":"Feature","geometry":{"type":"Point","coordinates":[170.5174554,-45.867647]},"properties":{"address":"51 Forth Street, North Dunedin, Dunedin","suburb":"North Dunedin","city":"Dunedin","common_names":null,"notice_type":"EPB notice","date_of_issue":"14/11/2022","earthquake_rating":"Not determined","seismic_work_deadline":"14/11/2057","priority_building":false,"notice_issued_by":"Dunedin City Council","heritage_status":null,"area_of_seismic_risk":"Low","notice_count":1,"remediated":true,"approximate":false}},{"type":"Feature","geometry":{"type":"Point","coordinates":[170.5067524,-45.8751261]},"properties":{"address":"53 Stuart Street, Dunedin Central, Dunedin","suburb":"Dunedin Central","city":"Dunedin","common_names":null,"notice_type":"EPB notice","date_of_issue":"03/04/2024","earthquake_rating":"Not determined","seismic_work_deadline":"29/03/2059","priority_building":false,"notice_issued_by":"Dunedin City Council","heritage_status":"Historic place category 2","area_of_seismic_risk":"Low","notice_count":1,"remediated":true,"approximate":false}},{"type":"Feature","geometry":{"type":"Point","coordinates":[170.5065811,-45.8692019]},"properties":{"address":"332 George Street, Dunedin Central, Dunedin","suburb":"Dunedin Central","city":"Dunedin","common_names":null,"notice_type":"EPB notice","date_of_issue":"29/09/2022","earthquake_rating":"0% to less than 20%","seismic_work_deadline":"29/09/2061","priority_building":false,"notice_issued_by":"Dunedin City Council","heritage_status":"Scheduled by the TA","area_of_seismic_risk":"Low","notice_count":1,"remediated":true,"approximate":false}},{"type":"Feature","geometry":{"type":"Point","coordinates":[176.8436171,-39.6426477]},"properties":{"address":"117 Heretaunga Street East, Hastings","suburb":null,"city":"Hastings","common_names":"Retail Shop - Unit Title 3","notice_type":"EPB notice","date_of_issue":"11/03/2025","earthquake_rating":"Not determined","seismic_work_deadline":"08/09/2041","priority_building":false,"notice_issued_by":"Hastings District Council","heritage_status":null,"area_of_seismic_risk":"High","notice_count":1,"remediated":true,"approximate":false}},{"type":"Feature","geometry":{"type":"Point","coordinates":[174.7830098,-36.827098]},"properties":{"address":"150 Calliope Road, Stanley Point, Auckland","suburb":"Stanley Point","city":"Auckland","common_names":null,"notice_type":"EPB notice","date_of_issue":"16/01/2026","earthquake_rating":"0% to less than 20%","seismic_work_deadline":"16/01/2061","priority_building":false,"notice_issued_by":"Auckland Council","heritage_status":null,"area_of_seismic_risk":"Low","notice_count":1,"remediated":false,"approximate":false}},{"type":"Feature","geometry":{"type":"Point","coordinates":[174.8806912,-41.2261101]},"properties":{"address":"278 Jackson Street, Petone, Lower Hutt","suburb":"Petone","city":"Lower Hutt","common_names":null,"notice_type":"EPB notice","date_of_issue":"16/12/2025","earthquake_rating":"Not determined","seismic_work_deadline":"16/06/2036","priority_building":true,"notice_issued_by":"Hutt City Council","heritage_status":"Within historic area","area_of_seismic_risk":"High","notice_count":1,"remediated":false,"approximate":false}},{"type":"Feature","geometry":{"type":"Point","coordinates":[174.881315,-41.2263086]},"properties":{"address":"292 Jackson Street, Petone, Lower Hutt","suburb":"Petone","city":"Lower Hutt","common_names":null,"notice_type":"EPB notice","date_of_issue":"16/12/2025","earthquake_rating":"Not determined","seismic_work_deadline":"16/06/2036","priority_building":true,"notice_issued_by":"Hutt City Council","heritage_status":"Within historic area","area_of_seismic_risk":"High","notice_count":1,"remediated":false,"approximate":false}},{"type":"Feature","geometry":{"type":"Point","coordinates":[174.8844722,-41.2270538]},"properties":{"address":"333 Jackson Street, Petone, Lower Hutt","suburb":"Petone","city":"Lower Hutt","common_names":null,"notice_type":"EPB notice","date_of_issue":"15/12/2025","earthquake_rating":"Not determined","seismic_work_deadline":"15/06/2036","priority_building":true,"notice_issued_by":"Hutt City Council","heritage_status":"Within historic area","area_of_seismic_risk":"High","notice_count":1,"remediated":false,"approximate":false}},{"type":"Feature","geometry":{"type":"Point","coordinates":[174.9076016,-41.2113092]},"properties":{"address":"64 Knights Road, Hutt Central, Lower Hutt","suburb":"Hutt Central","city":"Lower Hutt","common_names":null,"notice_type":"EPB notice","date_of_issue":"15/12/2025","earthquake_rating":"Not determined","seismic_work_deadline":"15/12/2044","priority_building":false,"notice_issued_by":"Hutt City Council","heritage_status":"Scheduled by the TA","area_of_seismic_risk":"High","notice_count":1,"remediated":false,"approximate":false}},{"type":"Feature","geometry":{"type":"Point","coordinates":[174.9074504,-41.2060859]},"properties":{"address":"43 Rutherford Street, Hutt Central, Lower Hutt","suburb":"Hutt Central","city":"Lower Hutt","common_names":null,"notice_type":"EPB notice","date_of_issue":"16/01/2026","earthquake_rating":"Not determined","seismic_work_deadline":"16/01/2045","priority_building":false,"notice_issued_by":"Hutt City Council","heritage_status":null,"area_of_seismic_risk":"High","notice_count":1,"remediated":false,"approximate":false}},{"type":"Feature","geometry":{"type":"Point","coordinates":[174.8738289,-41.2219745]},"properties":{"address":"16 Petone Avenue, Petone, Lower Hutt","suburb":"Petone","city":"Lower Hutt","common_names":null,"notice_type":"EPB notice","date_of_issue":"15/12/2025","earthquake_rating":"Not determined","seismic_work_deadline":"15/12/2044","priority_building":false,"notice_issued_by":"Hutt City Council","heritage_status":null,"area_of_seismic_risk":"High","notice_count":1,"remediated":false,"approximate":false}},{"type":"Feature","geometry":{"type":"Point","coordinates":[174.8865876,-41.2238961]},"properties":{"address":"75 Cuba Street, Petone, Lower Hutt","suburb":"Petone","city":"Lower Hutt","common_names":null,"notice_type":"EPB notice","date_of_issue":"11/12/2025","earthquake_rating":"Not determined","seismic_work_deadline":"11/12/2044","priority_building":false,"notice_issued_by":"Hutt City Council","heritage_status":null,"area_of_seismic_risk":"High","notice_count":1,"remediated":false,"approximate":false}},{"type":"Feature","geometry":{"type":"Point","coordinates":[174.8909113,-41.2170875]},"properties":{"address":"426 Cuba Street, Alicetown, Lower Hutt","suburb":"Alicetown","city":"Lower Hutt","common_names":null,"notice_type":"EPB notice","date_of_issue":"11/12/2025","earthquake_rating":"Not determined","seismic_work_deadline":"11/06/2036","priority_building":true,"notice_issued_by":"Hutt City Council","heritage_status":null,"area_of_seismic_risk":"High","notice_count":1,"remediated":false,"approximate":true}},{"type":"Feature","geometry":{"type":"Point","coordinates":[174.9483139,-41.1988972]},"properties":{"address":"33 Everest Avenue, Naenae, Lower Hutt","suburb":"Naenae","city":"Lower Hutt","common_names":null,"notice_type":"EPB notice","date_of_issue":"11/12/2025","earthquake_rating":"Not determined","seismic_work_deadline":"11/06/2036","priority_building":true,"notice_issued_by":"Hutt City Council","heritage_status":null,"area_of_seismic_risk":"High","notice_count":1,"remediated":false,"approximate":false}},{"type":"Feature","geometry":{"type":"Point","coordinates":[174.9484239,-41.1988311]},"properties":{"address":"37 Everest Avenue, Naenae, Lower Hutt","suburb":"Naenae","city":"Lower Hutt","common_names":null,"notice_type":"EPB notice","date_of_issue":"11/12/2025","earthquake_rating":"Not determined","seismic_work_deadline":"11/06/2036","priority_building":true,"notice_issued_by":"Hutt City Council","heritage_status":null,"area_of_seismic_risk":"High","notice_count":1,"remediated":false,"approximate":false}},{"type":"Feature","geometry":{"type":"Point","coordinates":[174.9471487,-41.1988785]},"properties":{"address":"9 Hillary Court, Naenae, Lower Hutt","suburb":"Naenae","city":"Lower Hutt","common_names":null,"notice_type":"EPB notice","date_of_issue":"11/12/2025","earthquake_rating":"Not determined","seismic_work_deadline":"11/06/2036","priority_building":true,"notice_issued_by":"Hutt City Council","heritage_status":null,"area_of_seismic_risk":"High","notice_count":1,"remediated":false,"approximate":false}},{"type":"Feature","geometry":{"type":"Point","coordinates":[174.875891,-41.2246761]},"properties":{"address":"180 Jackson Street, Petone, Lower Hutt","suburb":"Petone","city":"Lower Hutt","common_names":null,"notice_type":"EPB notice","date_of_issue":"11/12/2025","earthquake_rating":"Not determined","seismic_work_deadline":"11/06/2036","priority_building":true,"notice_issued_by":"Hutt City Council","heritage_status":"Within historic area","area_of_seismic_risk":"High","notice_count":1,"remediated":false,"approximate":false}},{"type":"Feature","geometry":{"type":"Point","coordinates":[174.9483834,-41.1982755]},"properties":{"address":"51 Treadwell Street, Naenae, Lower Hutt","suburb":"Naenae","city":"Lower Hutt","common_names":null,"notice_type":"EPB notice","date_of_issue":"11/12/2025","earthquake_rating":"Not determined","seismic_work_deadline":"11/12/2044","priority_building":false,"notice_issued_by":"Hutt City Council","heritage_status":null,"area_of_seismic_risk":"High","notice_count":1,"remediated":false,"approximate":false}},{"type":"Feature","geometry":{"type":"Point","coordinates":[172.6253229,-43.5347927]},"properties":{"address":"7 Riccarton Avenue, Central City, Christchurch","suburb":"Central City","city":"Christchurch","common_names":null,"notice_type":"EPB notice","date_of_issue":"15/01/2026","earthquake_rating":"20% to less than 34%","seismic_work_deadline":"15/06/2033","priority_building":false,"notice_issued_by":"Christchurch City Council","heritage_status":null,"area_of_seismic_risk":"High","notice_count":2,"remediated":false,"approximate":true}},{"type":"Feature","geometry":{"type":"Point","coordinates":[174.9362411,-41.1985332]},"properties":{"address":"812 High Street, Boulcott, Lower Hutt","suburb":"Boulcott","city":"Lower Hutt","common_names":null,"notice_type":"EPB notice","date_of_issue":"11/12/2025","earthquake_rating":"Not determined","seismic_work_deadline":"11/12/2044","priority_building":false,"notice_issued_by":"Hutt City Council","heritage_status":null,"area_of_seismic_risk":"High","notice_count":1,"remediated":false,"approximate":false}},{"type":"Feature","geometry":{"type":"Point","coordinates":[174.8775881,-41.2251922]},"properties":{"address":"224 Jackson Street, Petone, Lower Hutt","suburb":"Petone","city":"Lower Hutt","common_names":null,"notice_type":"EPB notice","date_of_issue":"09/12/2025","earthquake_rating":"Not determined","seismic_work_deadline":"09/06/2036","priority_building":true,"notice_issued_by":"Hutt City Council","heritage_status":"Within historic area","area_of_seismic_risk":"High","notice_count":1,"remediated":false,"approximate":false}},{"type":"Feature","geometry":{"type":"Point","coordinates":[174.8808593,-41.2259253]},"properties":{"address":"233 Jackson Street, Petone, Lower Hutt","suburb":"Petone","city":"Lower Hutt","common_names":null,"notice_type":"EPB notice","date_of_issue":"09/12/2025","earthquake_rating":"Not determined","seismic_work_deadline":"09/06/2036","priority_building":true,"notice_issued_by":"Hutt City Council","heritage_status":"Within historic area","area_of_seismic_risk":"High","notice_count":1,"remediated":false,"approximate":false}},{"type":"Feature","geometry":{"type":"Point","coordinates":[174.8812854,-41.2260296]},"properties":{"address":"247 Jackson Street, Petone, Lower Hutt","suburb":"Petone","city":"Lower Hutt","common_names":null,"notice_type":"EPB notice","date_of_issue":"09/12/2025","earthquake_rating":"Not determined","seismic_work_deadline":"09/06/2036","priority_building":true,"notice_issued_by":"Hutt City Council","heritage_status":"Within historic area","area_of_seismic_risk":"High","notice_count":1,"remediated":false,"approximate":false}},{"type":"Feature","geometry":{"type":"Point","coordinates":[170.4253882,-45.9026838]},"properties":{"address":"233 Main South Road, Green Island, Dunedin","suburb":"Green Island","city":"Dunedin","common_names":"Showroom","notice_type":"EPB notice","date_of_issue":"23/10/2025","earthquake_rating":"Not determined","seismic_work_deadline":"17/09/2060","priority_building":false,"notice_issued_by":"Dunedin City Council","heritage_status":null,"area_of_seismic_risk":"Low","notice_count":1,"remediated":true,"approximate":false}},{"type":"Feature","geometry":{"type":"Point","coordinates":[174.7765681,-41.2943459]},"properties":{"address":"19 Marion Street, Te Aro, Wellington","suburb":"Te Aro","city":"Wellington","common_names":"Theosophical Society Hall","notice_type":"EPB notice","date_of_issue":"25/11/2024","earthquake_rating":"0% to less than 20%","seismic_work_deadline":"10/05/2032","priority_building":true,"notice_issued_by":"Wellington City Council","heritage_status":"Scheduled by the TA","area_of_seismic_risk":"High","notice_count":1,"remediated":true,"approximate":false}},{"type":"Feature","geometry":{"type":"Point","coordinates":[174.7739943,-41.2874099]},"properties":{"address":"49 Boulcott Street, Wellington Central, Wellington","suburb":"Wellington Central","city":"Wellington","common_names":null,"notice_type":"EPB notice","date_of_issue":"14/07/2025","earthquake_rating":"Not determined","seismic_work_deadline":"14/07/2040","priority_building":false,"notice_issued_by":"Wellington City Council","heritage_status":null,"area_of_seismic_risk":"High","notice_count":1,"remediated":true,"approximate":false}},{"type":"Feature","geometry":{"type":"Point","coordinates":[170.4799857,-45.8962969]},"properties":{"address":"301 South Road, Caversham, Dunedin","suburb":"Caversham","city":"Dunedin","common_names":null,"notice_type":"EPB notice","date_of_issue":"02/12/2025","earthquake_rating":"Not determined","seismic_work_deadline":"12/11/2060","priority_building":false,"notice_issued_by":"Dunedin City Council","heritage_status":null,"area_of_seismic_risk":"Low","notice_count":1,"remediated":false,"approximate":false}},{"type":"Feature","geometry":{"type":"Point","coordinates":[174.7469955,-36.8877456]},"properties":{"address":"553 Dominion Road, Mount Eden, Auckland","suburb":"Mount Eden","city":"Auckland","common_names":null,"notice_type":"EPB notice","date_of_issue":"14/05/2018","earthquake_rating":"0% to less than 20%","seismic_work_deadline":"14/05/2053","priority_building":false,"notice_issued_by":"Auckland Council","heritage_status":"Scheduled by the TA","area_of_seismic_risk":"Low","notice_count":1,"remediated":true,"approximate":false}},{"type":"Feature","geometry":{"type":"Point","coordinates":[173.2890113,-41.2728613]},"properties":{"address":"200 Bridge Street, Nelson","suburb":null,"city":"Nelson","common_names":"Nelson Courthouse","notice_type":"EPB notice","date_of_issue":"14/01/2026","earthquake_rating":"0% to less than 20%","seismic_work_deadline":"14/01/2051","priority_building":false,"notice_issued_by":"Nelson City Council","heritage_status":null,"area_of_seismic_risk":"Medium","notice_count":1,"remediated":false,"approximate":false}},{"type":"Feature","geometry":{"type":"Point","coordinates":[172.6352019,-43.5127448]},"properties":{"address":"43 A Edgeware Road, St Albans, Christchurch","suburb":"St Albans","city":"Christchurch","common_names":null,"notice_type":"EPB notice","date_of_issue":"02/07/2025","earthquake_rating":"20% to less than 34%","seismic_work_deadline":"02/01/2033","priority_building":true,"notice_issued_by":"Christchurch City Council","heritage_status":null,"area_of_seismic_risk":"High","notice_count":1,"remediated":true,"approximate":false}},{"type":"Feature","geometry":{"type":"Point","coordinates":[170.4972925,-45.8801666]},"properties":{"address":"46 Stafford Street, Dunedin Central, Dunedin","suburb":"Dunedin Central","city":"Dunedin","common_names":null,"notice_type":"EPB notice","date_of_issue":"02/12/2025","earthquake_rating":"Not determined","seismic_work_deadline":"11/11/2060","priority_building":false,"notice_issued_by":"Dunedin City Council","heritage_status":null,"area_of_seismic_risk":"Low","notice_count":2,"remediated":false,"approximate":false}},{"type":"Feature","geometry":{"type":"Point","coordinates":[174.878742,-41.2255117]},"properties":{"address":"250 Jackson Street, Petone, Lower Hutt","suburb":"Petone","city":"Lower Hutt","common_names":"250 Jackson Street","notice_type":"EPB notice","date_of_issue":"09/12/2025","earthquake_rating":"Not determined","seismic_work_deadline":"09/06/2036","priority_building":true,"notice_issued_by":"Hutt City Council","heritage_status":null,"area_of_seismic_risk":"High","notice_count":1,"remediated":false,"approximate":false}},{"type":"Feature","geometry":{"type":"Point","coordinates":[174.8788324,-41.2255374]},"properties":{"address":"252 Jackson Street, Petone, Lower Hutt","suburb":"Petone","city":"Lower Hutt","common_names":"252 Jackson Street","notice_type":"EPB notice","date_of_issue":"09/12/2025","earthquake_rating":"Not determined","seismic_work_deadline":"09/06/2036","priority_building":true,"notice_issued_by":"Hutt City Council","heritage_status":null,"area_of_seismic_risk":"High","notice_count":1,"remediated":false,"approximate":true}},{"type":"Feature","geometry":{"type":"Point","coordinates":[174.8789438,-41.2255382]},"properties":{"address":"254 Jackson Street, Petone, Lower Hutt","suburb":"Petone","city":"Lower Hutt","common_names":"254 Jackson Street","notice_type":"EPB notice","date_of_issue":"09/12/2025","earthquake_rating":"Not determined","seismic_work_deadline":"09/06/2036","priority_building":true,"notice_issued_by":"Hutt City Council","heritage_status":null,"area_of_seismic_risk":"High","notice_count":1,"remediated":false,"approximate":false}},{"type":"Feature","geometry":{"type":"Point","coordinates":[174.8816563,-41.2261619]},"properties":{"address":"259 Jackson Street, Petone, Lower Hutt","suburb":"Petone","city":"Lower Hutt","common_names":"259 Jackson Street","notice_type":"EPB notice","date_of_issue":"09/12/2025","earthquake_rating":"Not determined","seismic_work_deadline":"09/06/2036","priority_building":true,"notice_issued_by":"Hutt City Council","heritage_status":null,"area_of_seismic_risk":"High","notice_count":1,"remediated":false,"approximate":false}},{"type":"Feature","geometry":{"type":"Point","coordinates":[174.8827015,-41.2264901]},"properties":{"address":"287 Jackson Street, Petone, Lower Hutt","suburb":"Petone","city":"Lower Hutt","common_names":null,"notice_type":"EPB notice","date_of_issue":"08/12/2025","earthquake_rating":"Not determined","seismic_work_deadline":"08/06/2036","priority_building":true,"notice_issued_by":"Hutt City Council","heritage_status":null,"area_of_seismic_risk":"High","notice_count":1,"remediated":false,"approximate":false}},{"type":"Feature","geometry":{"type":"Point","coordinates":[174.8826037,-41.2267337]},"properties":{"address":"320 Jackson Street, Petone, Lower Hutt","suburb":"Petone","city":"Lower Hutt","common_names":null,"notice_type":"EPB notice","date_of_issue":"08/12/2025","earthquake_rating":"Not determined","seismic_work_deadline":"08/06/2036","priority_building":true,"notice_issued_by":"Hutt City Council","heritage_status":null,"area_of_seismic_risk":"High","notice_count":1,"remediated":false,"approximate":false}},{"type":"Feature","geometry":{"type":"Point","coordinates":[170.5068501,-45.875158]},"properties":{"address":"49 Stuart Street, Dunedin Central, Dunedin","suburb":"Dunedin Central","city":"Dunedin","common_names":null,"notice_type":"EPB notice","date_of_issue":"02/12/2025","earthquake_rating":"Not determined","seismic_work_deadline":"16/11/2060","priority_building":false,"notice_issued_by":"Dunedin City Council","heritage_status":"Scheduled by the TA","area_of_seismic_risk":"Low","notice_count":1,"remediated":false,"approximate":false}},{"type":"Feature","geometry":{"type":"Point","coordinates":[174.8853205,-41.2271301]},"properties":{"address":"349 Jackson Street, Petone, Lower Hutt","suburb":"Petone","city":"Lower Hutt","common_names":null,"notice_type":"EPB notice","date_of_issue":"08/12/2025","earthquake_rating":"Not determined","seismic_work_deadline":"08/12/2044","priority_building":false,"notice_issued_by":"Hutt City Council","heritage_status":null,"area_of_seismic_risk":"High","notice_count":1,"remediated":false,"approximate":false}},{"type":"Feature","geometry":{"type":"Point","coordinates":[174.880506,-41.225783]},"properties":{"address":"229 Jackson Street, Petone, Lower Hutt","suburb":"Petone","city":"Lower Hutt","common_names":null,"notice_type":"EPB notice","date_of_issue":"12/12/2025","earthquake_rating":"Not determined","seismic_work_deadline":"08/06/2036","priority_building":true,"notice_issued_by":"Hutt City Council","heritage_status":null,"area_of_seismic_risk":"High","notice_count":2,"remediated":false,"approximate":true}},{"type":"Feature","geometry":{"type":"Point","coordinates":[174.8838051,-41.2271626]},"properties":{"address":"352 Jackson Street, Petone, Lower Hutt","suburb":"Petone","city":"Lower Hutt","common_names":null,"notice_type":"EPB notice","date_of_issue":"08/12/2025","earthquake_rating":"Not determined","seismic_work_deadline":"08/06/2036","priority_building":true,"notice_issued_by":"Hutt City Council","heritage_status":null,"area_of_seismic_risk":"High","notice_count":1,"remediated":false,"approximate":false}},{"type":"Feature","geometry":{"type":"Point","coordinates":[170.426307,-45.9027509]},"properties":{"address":"225 A Main South Road, Green Island, Dunedin","suburb":"Green Island","city":"Dunedin","common_names":null,"notice_type":"EPB notice","date_of_issue":"24/10/2025","earthquake_rating":"Not determined","seismic_work_deadline":"17/09/2060","priority_building":false,"notice_issued_by":"Dunedin City Council","heritage_status":null,"area_of_seismic_risk":"Low","notice_count":1,"remediated":false,"approximate":false}},{"type":"Feature","geometry":{"type":"Point","coordinates":[170.4264367,-45.9027243]},"properties":{"address":"225 Main South Road, Green Island, Dunedin","suburb":"Green Island","city":"Dunedin","common_names":null,"notice_type":"EPB notice","date_of_issue":"24/10/2025","earthquake_rating":"Not determined","seismic_work_deadline":"17/09/2060","priority_building":false,"notice_issued_by":"Dunedin City Council","heritage_status":null,"area_of_seismic_risk":"Low","notice_count":1,"remediated":false,"approximate":false}},{"type":"Feature","geometry":{"type":"Point","coordinates":[170.508877,-45.8740603]},"properties":{"address":"61 Castle Street, North Dunedin, Dunedin","suburb":"North Dunedin","city":"Dunedin","common_names":null,"notice_type":"EPB notice","date_of_issue":"09/10/2025","earthquake_rating":"20% to less than 34%","seismic_work_deadline":"27/11/2060","priority_building":false,"notice_issued_by":"Dunedin City Council","heritage_status":null,"area_of_seismic_risk":"Low","notice_count":1,"remediated":false,"approximate":false}},{"type":"Feature","geometry":{"type":"Point","coordinates":[174.884261,-41.2272684]},"properties":{"address":"358 Jackson Street, Petone, Lower Hutt","suburb":"Petone","city":"Lower Hutt","common_names":null,"notice_type":"EPB notice","date_of_issue":"08/12/2025","earthquake_rating":"Not determined","seismic_work_deadline":"08/06/2036","priority_building":true,"notice_issued_by":"Hutt City Council","heritage_status":null,"area_of_seismic_risk":"High","notice_count":1,"remediated":false,"approximate":false}},{"type":"Feature","geometry":{"type":"Point","coordinates":[170.5110086,-45.9071076]},"properties":{"address":"6 John Wilson Ocean Drive, Lawyers Head, Dunedin","suburb":"Lawyers Head","city":"Dunedin","common_names":"Ablutions Block","notice_type":"EPB notice","date_of_issue":"17/10/2025","earthquake_rating":"Not determined","seismic_work_deadline":"29/08/2060","priority_building":false,"notice_issued_by":"Dunedin City Council","heritage_status":null,"area_of_seismic_risk":"Low","notice_count":2,"remediated":false,"approximate":false}},{"type":"Feature","geometry":{"type":"Point","coordinates":[176.9162032,-39.49046]},"properties":{"address":"152 Emerson Street, Napier South, Napier","suburb":"Napier South","city":"Napier","common_names":null,"notice_type":"EPB notice","date_of_issue":"17/01/2025","earthquake_rating":"Not determined","seismic_work_deadline":"20/08/2043","priority_building":false,"notice_issued_by":"Napier City Council","heritage_status":null,"area_of_seismic_risk":"High","notice_count":1,"remediated":true,"approximate":false}},{"type":"Feature","geometry":{"type":"Point","coordinates":[170.50167,-45.90783]},"properties":{"address":"121 Victoria Road, Saint Kilda, Dunedin","suburb":"Saint Kilda","city":"Dunedin","common_names":"Forbury Park Bowling Clubrooms","notice_type":"EPB notice","date_of_issue":"20/10/2025","earthquake_rating":"Not determined","seismic_work_deadline":"28/09/2060","priority_building":false,"notice_issued_by":"Dunedin City Council","heritage_status":null,"area_of_seismic_risk":"Low","notice_count":1,"remediated":false,"approximate":false}},{"type":"Feature","geometry":{"type":"Point","coordinates":[170.513016,-45.9015524]},"properties":{"address":"33 Royal Crescent, Saint Kilda, Dunedin","suburb":"Saint Kilda","city":"Dunedin","common_names":"St Kilda Bowling Clubrooms","notice_type":"EPB notice","date_of_issue":"20/10/2025","earthquake_rating":"Not determined","seismic_work_deadline":"28/08/2060","priority_building":false,"notice_issued_by":"Dunedin City Council","heritage_status":null,"area_of_seismic_risk":"Low","notice_count":1,"remediated":false,"approximate":false}},{"type":"Feature","geometry":{"type":"Point","coordinates":[168.346167,-46.4118185]},"properties":{"address":"8 Esk Street West, Invercargill","suburb":null,"city":"Invercargill","common_names":null,"notice_type":"EPB notice","date_of_issue":"15/06/2021","earthquake_rating":"20% to less than 34%","seismic_work_deadline":"15/12/2050","priority_building":false,"notice_issued_by":"Invercargill City Council","heritage_status":"Scheduled by the TA","area_of_seismic_risk":"Medium","notice_count":1,"remediated":true,"approximate":true}},{"type":"Feature","geometry":{"type":"Point","coordinates":[170.4999501,-45.8812093]},"properties":{"address":"459 Princes Street, Dunedin Central, Dunedin","suburb":"Dunedin Central","city":"Dunedin","common_names":null,"notice_type":"EPB notice","date_of_issue":"24/10/2025","earthquake_rating":"Not determined","seismic_work_deadline":"25/09/2060","priority_building":false,"notice_issued_by":"Dunedin City Council","heritage_status":null,"area_of_seismic_risk":"Low","notice_count":1,"remediated":false,"approximate":false}},{"type":"Feature","geometry":{"type":"Point","coordinates":[173.2937653,-41.2714551]},"properties":{"address":"98 Halifax Street East, The Wood, Nelson","suburb":"The Wood","city":"Nelson","common_names":"Rigg Building including West Wing, Cawthron Institute,","notice_type":"EPB notice","date_of_issue":"17/04/2024","earthquake_rating":"20% to less than 34%","seismic_work_deadline":"17/04/2049","priority_building":false,"notice_issued_by":"Nelson City Council","heritage_status":null,"area_of_seismic_risk":"Medium","notice_count":1,"remediated":true,"approximate":false}},{"type":"Feature","geometry":{"type":"Point","coordinates":[175.2738873,-37.785115]},"properties":{"address":"229 Tristram Street, Hamilton Central, Hamilton","suburb":"Hamilton Central","city":"Hamilton","common_names":"Founders Theatre","notice_type":"EPB notice","date_of_issue":"20/10/2022","earthquake_rating":"0% to less than 20%","seismic_work_deadline":"20/04/2035","priority_building":true,"notice_issued_by":"Hamilton City Council","heritage_status":null,"area_of_seismic_risk":"Medium","notice_count":1,"remediated":true,"approximate":false}},{"type":"Feature","geometry":{"type":"Point","coordinates":[175.2814212,-37.790095]},"properties":{"address":"93 Collingwood Street, Hamilton Central, Hamilton","suburb":"Hamilton Central","city":"Hamilton","common_names":null,"notice_type":"EPB notice","date_of_issue":"17/11/2025","earthquake_rating":"0% to less than 20%","seismic_work_deadline":"07/04/2051","priority_building":false,"notice_issued_by":"Hamilton City Council","heritage_status":null,"area_of_seismic_risk":"Medium","notice_count":1,"remediated":false,"approximate":false}},{"type":"Feature","geometry":{"type":"Point","coordinates":[175.2889653,-37.7944119]},"properties":{"address":"6 Radnor Street, Hamilton Central, Hamilton","suburb":"Hamilton Central","city":"Hamilton","common_names":null,"notice_type":"EPB notice","date_of_issue":"18/11/2025","earthquake_rating":"20% to less than 34%","seismic_work_deadline":"10/11/2051","priority_building":false,"notice_issued_by":"Hamilton City Council","heritage_status":null,"area_of_seismic_risk":"Medium","notice_count":1,"remediated":false,"approximate":true}},{"type":"Feature","geometry":{"type":"Point","coordinates":[175.2881871,-37.7970766]},"properties":{"address":"Hillsborough Terrace, Hamilton","suburb":null,"city":"Hamilton","common_names":"Waikato Outdoor Training Centre","notice_type":"EPB notice","date_of_issue":"17/11/2025","earthquake_rating":"0% to less than 20%","seismic_work_deadline":"20/09/2051","priority_building":false,"notice_issued_by":"Hamilton City Council","heritage_status":null,"area_of_seismic_risk":"Medium","notice_count":1,"remediated":false,"approximate":true}},{"type":"Feature","geometry":{"type":"Point","coordinates":[170.5133417,-45.9024017]},"properties":{"address":"45 Royal Crescent, Saint Kilda, Dunedin","suburb":"Saint Kilda","city":"Dunedin","common_names":"Dunedin Technical Clubrooms","notice_type":"EPB notice","date_of_issue":"20/10/2025","earthquake_rating":"Not determined","seismic_work_deadline":"28/08/2060","priority_building":false,"notice_issued_by":"Dunedin City Council","heritage_status":null,"area_of_seismic_risk":"Low","notice_count":1,"remediated":false,"approximate":false}},{"type":"Feature","geometry":{"type":"Point","coordinates":[170.3533612,-45.8841959]},"properties":{"address":"16 Gordon Road, Mosgiel","suburb":null,"city":"Mosgiel","common_names":null,"notice_type":"EPB notice","date_of_issue":"23/10/2025","earthquake_rating":"Not determined","seismic_work_deadline":"26/09/2060","priority_building":false,"notice_issued_by":"Dunedin City Council","heritage_status":null,"area_of_seismic_risk":"Low","notice_count":1,"remediated":false,"approximate":false}},{"type":"Feature","geometry":{"type":"Point","coordinates":[170.5257623,-45.8506767]},"properties":{"address":"162 North Road, North East Valley, Dunedin","suburb":"North East Valley","city":"Dunedin","common_names":null,"notice_type":"EPB notice","date_of_issue":"30/10/2025","earthquake_rating":"20% to less than 34%","seismic_work_deadline":"30/10/2060","priority_building":false,"notice_issued_by":"Dunedin City Council","heritage_status":null,"area_of_seismic_risk":"Low","notice_count":1,"remediated":false,"approximate":false}},{"type":"Feature","geometry":{"type":"Point","coordinates":[172.6206017,-43.542271]},"properties":{"address":"89 Harman Street, Addington, Christchurch","suburb":"Addington","city":"Christchurch","common_names":null,"notice_type":"EPB notice","date_of_issue":"29/03/2021","earthquake_rating":"0% to less than 20%","seismic_work_deadline":"29/09/2032","priority_building":true,"notice_issued_by":"Christchurch City Council","heritage_status":null,"area_of_seismic_risk":"High","notice_count":1,"remediated":true,"approximate":false}},{"type":"Feature","geometry":{"type":"Point","coordinates":[172.6090875,-43.5382543]},"properties":{"address":"12 Lowe Street, Addington, Christchurch","suburb":"Addington","city":"Christchurch","common_names":null,"notice_type":"EPB notice","date_of_issue":"10/12/2025","earthquake_rating":"20% to less than 34%","seismic_work_deadline":"10/05/2033","priority_building":false,"notice_issued_by":"Christchurch City Council","heritage_status":null,"area_of_seismic_risk":"High","notice_count":2,"remediated":false,"approximate":false}},{"type":"Feature","geometry":{"type":"Point","coordinates":[175.6631042,-40.9487257]},"properties":{"address":"54 Queen Street, Masterton","suburb":null,"city":"Masterton","common_names":"Masterton Library","notice_type":"EPB notice","date_of_issue":"17/04/2019","earthquake_rating":null,"seismic_work_deadline":"17/04/2038","priority_building":false,"notice_issued_by":"Masterton District Council","heritage_status":null,"area_of_seismic_risk":"High","notice_count":1,"remediated":true,"approximate":false}},{"type":"Feature","geometry":{"type":"Point","coordinates":[170.4899457,-45.8671018]},"properties":{"address":"297 Highgate, Roslyn, Dunedin","suburb":"Roslyn","city":"Dunedin","common_names":null,"notice_type":"EPB notice","date_of_issue":"30/10/2025","earthquake_rating":"0% to less than 20%","seismic_work_deadline":"18/10/2060","priority_building":false,"notice_issued_by":"Dunedin City Council","heritage_status":null,"area_of_seismic_risk":"Low","notice_count":1,"remediated":false,"approximate":false}},{"type":"Feature","geometry":{"type":"Point","coordinates":[172.5777504,-43.5076093]},"properties":{"address":"151 Greers Road, Burnside, Christchurch","suburb":"Burnside","city":"Christchurch","common_names":null,"notice_type":"EPB notice","date_of_issue":"08/12/2025","earthquake_rating":"20% to less than 34%","seismic_work_deadline":"08/05/2033","priority_building":false,"notice_issued_by":"Christchurch City Council","heritage_status":null,"area_of_seismic_risk":"High","notice_count":4,"remediated":false,"approximate":false}},{"type":"Feature","geometry":{"type":"Point","coordinates":[172.5944979,-43.5419936]},"properties":{"address":"9 Moncur Place, Addington, Christchurch","suburb":"Addington","city":"Christchurch","common_names":null,"notice_type":"EPB notice","date_of_issue":"08/12/2025","earthquake_rating":"20% to less than 34%","seismic_work_deadline":"08/05/2033","priority_building":false,"notice_issued_by":"Christchurch City Council","heritage_status":null,"area_of_seismic_risk":"High","notice_count":1,"remediated":false,"approximate":false}},{"type":"Feature","geometry":{"type":"Point","coordinates":[171.2564891,-44.4000356]},"properties":{"address":"35 Stafford Street, Timaru","suburb":null,"city":"Timaru","common_names":null,"notice_type":"EPB notice","date_of_issue":"13/03/2025","earthquake_rating":"Not determined","seismic_work_deadline":"09/12/2037","priority_building":true,"notice_issued_by":"Timaru District Council","heritage_status":null,"area_of_seismic_risk":"Medium","notice_count":1,"remediated":true,"approximate":false}},{"type":"Feature","geometry":{"type":"Point","coordinates":[172.6294109,-43.5381541]},"properties":{"address":"183 A Montreal Street, Christchurch","suburb":null,"city":"Christchurch","common_names":"Warehouse","notice_type":"EPB notice","date_of_issue":"20/02/2018","earthquake_rating":"0% to less than 20%","seismic_work_deadline":"20/02/2037","priority_building":false,"notice_issued_by":"Christchurch City Council","heritage_status":null,"area_of_seismic_risk":"High","notice_count":1,"remediated":true,"approximate":false}},{"type":"Feature","geometry":{"type":"Point","coordinates":[175.2883405,-37.7803487]},"properties":{"address":"800 Heaphy Terrace, Claudelands, Hamilton","suburb":"Claudelands","city":"Hamilton","common_names":"Historic Grandstand - Claudelands Showgrounds","notice_type":"EPB notice","date_of_issue":"25/11/2025","earthquake_rating":"20% to less than 34%","seismic_work_deadline":"20/10/2051","priority_building":false,"notice_issued_by":"Hamilton City Council","heritage_status":"Historic place category 2","area_of_seismic_risk":"Medium","notice_count":1,"remediated":false,"approximate":false}},{"type":"Feature","geometry":{"type":"Point","coordinates":[175.3127665,-37.7865336]},"properties":{"address":"130 Knighton Road, Hillcrest, Hamilton","suburb":"Hillcrest","city":"Hamilton","common_names":"University of Waikato Student Union Building East Wing","notice_type":"EPB notice","date_of_issue":"23/10/2025","earthquake_rating":"0% to less than 20%","seismic_work_deadline":"01/05/2039","priority_building":true,"notice_issued_by":"Hamilton City Council","heritage_status":null,"area_of_seismic_risk":"Medium","notice_count":6,"remediated":false,"approximate":false}},{"type":"Feature","geometry":{"type":"Point","coordinates":[175.2855768,-37.7902686]},"properties":{"address":"109 Victoria Street, Hamilton Central, Hamilton","suburb":"Hamilton Central","city":"Hamilton","common_names":null,"notice_type":"EPB notice","date_of_issue":"18/08/2025","earthquake_rating":"0% to less than 20%","seismic_work_deadline":"25/04/2039","priority_building":true,"notice_issued_by":"Hamilton City Council","heritage_status":null,"area_of_seismic_risk":"Medium","notice_count":1,"remediated":false,"approximate":false}},{"type":"Feature","geometry":{"type":"Point","coordinates":[175.2454314,-37.7551335]},"properties":{"address":"6 Daniel Place, Te Rapa, Hamilton","suburb":"Te Rapa","city":"Hamilton","common_names":"Manufacturing Plant","notice_type":"EPB notice","date_of_issue":"18/11/2025","earthquake_rating":"0% to less than 20%","seismic_work_deadline":"04/11/2051","priority_building":false,"notice_issued_by":"Hamilton City Council","heritage_status":null,"area_of_seismic_risk":"Medium","notice_count":1,"remediated":false,"approximate":false}},{"type":"Feature","geometry":{"type":"Point","coordinates":[175.2885964,-37.7909813]},"properties":{"address":"154 Grantham Street, Hamilton Central, Hamilton","suburb":"Hamilton Central","city":"Hamilton","common_names":"Fairy bank Lounge and  Hamilton Rowing Club","notice_type":"EPB notice","date_of_issue":"18/11/2025","earthquake_rating":"Not determined","seismic_work_deadline":"20/10/2051","priority_building":false,"notice_issued_by":"Hamilton City Council","heritage_status":null,"area_of_seismic_risk":"Medium","notice_count":1,"remediated":false,"approximate":false}},{"type":"Feature","geometry":{"type":"Point","coordinates":[175.2842683,-37.7888222]},"properties":{"address":"217 Victoria Street, Hamilton Central, Hamilton","suburb":"Hamilton Central","city":"Hamilton","common_names":"Grocott's Buildings","notice_type":"EPB notice","date_of_issue":"23/10/2025","earthquake_rating":"Not determined","seismic_work_deadline":"16/05/2039","priority_building":true,"notice_issued_by":"Hamilton City Council","heritage_status":null,"area_of_seismic_risk":"Medium","notice_count":1,"remediated":false,"approximate":false}},{"type":"Feature","geometry":{"type":"Point","coordinates":[175.2635847,-37.7885903]},"properties":{"address":"40 High Street, Frankton, Hamilton","suburb":"Frankton","city":"Hamilton","common_names":"Frankton Tavern","notice_type":"EPB notice","date_of_issue":"23/10/2025","earthquake_rating":"20% to less than 34%","seismic_work_deadline":"01/05/2039","priority_building":true,"notice_issued_by":"Hamilton City Council","heritage_status":"Historic place category 2","area_of_seismic_risk":"Medium","notice_count":1,"remediated":false,"approximate":false}},{"type":"Feature","geometry":{"type":"Point","coordinates":[175.2825997,-37.786991]},"properties":{"address":"357 Victoria Street, Hamilton Central, Hamilton","suburb":"Hamilton Central","city":"Hamilton","common_names":"Pascoe's Building","notice_type":"EPB notice","date_of_issue":"18/08/2025","earthquake_rating":"0% to less than 20%","seismic_work_deadline":"25/04/2039","priority_building":true,"notice_issued_by":"Hamilton City Council","heritage_status":null,"area_of_seismic_risk":"Medium","notice_count":1,"remediated":false,"approximate":false}},{"type":"Feature","geometry":{"type":"Point","coordinates":[175.2852915,-37.7904812]},"properties":{"address":"15 Hood Street, Hamilton Central, Hamilton","suburb":"Hamilton Central","city":"Hamilton","common_names":null,"notice_type":"EPB notice","date_of_issue":"18/08/2025","earthquake_rating":"0% to less than 20%","seismic_work_deadline":"25/04/2039","priority_building":true,"notice_issued_by":"Hamilton City Council","heritage_status":null,"area_of_seismic_risk":"Medium","notice_count":1,"remediated":false,"approximate":false}},{"type":"Feature","geometry":{"type":"Point","coordinates":[174.8938869,-36.9825143]},"properties":{"address":"19 R Boundary Road, Otara, Auckland","suburb":"Otara","city":"Auckland","common_names":null,"notice_type":"EPB notice","date_of_issue":"01/12/2025","earthquake_rating":"20% to less than 34%","seismic_work_deadline":"01/12/2060","priority_building":false,"notice_issued_by":"Auckland Council","heritage_status":null,"area_of_seismic_risk":"Low","notice_count":2,"remediated":false,"approximate":true}},{"type":"Feature","geometry":{"type":"Point","coordinates":[170.4772498,-45.8677469]},"properties":{"address":"150 C Kaikorai Valley Road, Glenross, Dunedin","suburb":"Glenross","city":"Dunedin","common_names":null,"notice_type":"EPB notice","date_of_issue":"03/11/2025","earthquake_rating":"Not determined","seismic_work_deadline":"18/10/2060","priority_building":false,"notice_issued_by":"Dunedin City Council","heritage_status":null,"area_of_seismic_risk":"Low","notice_count":1,"remediated":false,"approximate":false}},{"type":"Feature","geometry":{"type":"Point","coordinates":[172.5241573,-43.5436951]},"properties":{"address":"411 Main South Road, Hornby, Christchurch","suburb":"Hornby","city":"Christchurch","common_names":null,"notice_type":"EPB notice","date_of_issue":"10/12/2021","earthquake_rating":"0% to less than 20%","seismic_work_deadline":"10/06/2033","priority_building":true,"notice_issued_by":"Christchurch City Council","heritage_status":null,"area_of_seismic_risk":"High","notice_count":1,"remediated":true,"approximate":false}},{"type":"Feature","geometry":{"type":"Point","coordinates":[170.496528,-45.882825]},"properties":{"address":"46 Manor Place, Dunedin Central, Dunedin","suburb":"Dunedin Central","city":"Dunedin","common_names":null,"notice_type":"EPB notice","date_of_issue":"28/10/2025","earthquake_rating":"Not determined","seismic_work_deadline":"08/09/2060","priority_building":false,"notice_issued_by":"Dunedin City Council","heritage_status":"Scheduled by the TA","area_of_seismic_risk":"Low","notice_count":1,"remediated":false,"approximate":false}},{"type":"Feature","geometry":{"type":"Point","coordinates":[175.2840955,-37.788804]},"properties":{"address":"221 Victoria Street, Hamilton Central, Hamilton","suburb":"Hamilton Central","city":"Hamilton","common_names":"Alexandra Buildings","notice_type":"EPB notice","date_of_issue":"27/08/2025","earthquake_rating":"20% to less than 34%","seismic_work_deadline":"01/05/2039","priority_building":true,"notice_issued_by":"Hamilton City Council","heritage_status":null,"area_of_seismic_risk":"Medium","notice_count":1,"remediated":false,"approximate":false}},{"type":"Feature","geometry":{"type":"Point","coordinates":[175.284313,-37.7890049]},"properties":{"address":"207 Victoria Street, Hamilton Central, Hamilton","suburb":"Hamilton Central","city":"Hamilton","common_names":null,"notice_type":"EPB notice","date_of_issue":"27/08/2025","earthquake_rating":"20% to less than 34%","seismic_work_deadline":"01/05/2039","priority_building":true,"notice_issued_by":"Hamilton City Council","heritage_status":"Historic place category 1","area_of_seismic_risk":"Medium","notice_count":1,"remediated":false,"approximate":false}},{"type":"Feature","geometry":{"type":"Point","coordinates":[175.2891505,-37.782606]},"properties":{"address":"701 Grey Street, Hamilton East, Hamilton","suburb":"Hamilton East","city":"Hamilton","common_names":null,"notice_type":"EPB notice","date_of_issue":"25/11/2025","earthquake_rating":"0% to less than 20%","seismic_work_deadline":"25/04/2039","priority_building":true,"notice_issued_by":"Hamilton City Council","heritage_status":null,"area_of_seismic_risk":"Medium","notice_count":1,"remediated":false,"approximate":false}},{"type":"Feature","geometry":{"type":"Point","coordinates":[175.2859973,-37.7907473]},"properties":{"address":"81 Victoria Street, Hamilton Central, Hamilton","suburb":"Hamilton Central","city":"Hamilton","common_names":null,"notice_type":"EPB notice","date_of_issue":"25/11/2025","earthquake_rating":"0% to less than 20%","seismic_work_deadline":"25/04/2039","priority_building":true,"notice_issued_by":"Hamilton City Council","heritage_status":null,"area_of_seismic_risk":"Medium","notice_count":1,"remediated":false,"approximate":false}},{"type":"Feature","geometry":{"type":"Point","coordinates":[175.2783723,-37.7880965]},"properties":{"address":"145 Ward Street, Hamilton Central, Hamilton","suburb":"Hamilton Central","city":"Hamilton","common_names":null,"notice_type":"EPB notice","date_of_issue":"18/11/2025","earthquake_rating":"0% to less than 20%","seismic_work_deadline":"25/10/2051","priority_building":false,"notice_issued_by":"Hamilton City Council","heritage_status":null,"area_of_seismic_risk":"Medium","notice_count":1,"remediated":false,"approximate":false}},{"type":"Feature","geometry":{"type":"Point","coordinates":[175.2597513,-37.7887762]},"properties":{"address":"2 Lincoln Street, Frankton, Hamilton","suburb":"Frankton","city":"Hamilton","common_names":"ex Huttons Bin Storage and Tanking Room","notice_type":"EPB notice","date_of_issue":"25/11/2025","earthquake_rating":"20% to less than 34%","seismic_work_deadline":"10/11/2051","priority_building":false,"notice_issued_by":"Hamilton City Council","heritage_status":null,"area_of_seismic_risk":"Medium","notice_count":11,"remediated":false,"approximate":false}},{"type":"Feature","geometry":{"type":"Point","coordinates":[174.9366229,-36.8956294]},"properties":{"address":"33 Selwyn Road, Howick, Auckland","suburb":"Howick","city":"Auckland","common_names":null,"notice_type":"EPB notice","date_of_issue":"28/11/2025","earthquake_rating":"0% to less than 20%","seismic_work_deadline":"28/11/2060","priority_building":false,"notice_issued_by":"Auckland Council","heritage_status":null,"area_of_seismic_risk":"Low","notice_count":1,"remediated":false,"approximate":false}},{"type":"Feature","geometry":{"type":"Point","coordinates":[174.7426762,-36.876115]},"properties":{"address":"9 Queen Street, Warkworth, Auckland","suburb":"Warkworth","city":"Auckland","common_names":null,"notice_type":"EPB notice","date_of_issue":"05/11/2020","earthquake_rating":"20% to less than 34%","seismic_work_deadline":"05/11/2055","priority_building":false,"notice_issued_by":"Auckland Council","heritage_status":null,"area_of_seismic_risk":"Low","notice_count":1,"remediated":false,"approximate":false}},{"type":"Feature","geometry":{"type":"Point","coordinates":[175.2231879,-37.7327868]},"properties":{"address":"100 Maui Street, Pukete, Hamilton","suburb":"Pukete","city":"Hamilton","common_names":null,"notice_type":"EPB notice","date_of_issue":"25/11/2025","earthquake_rating":"0% to less than 20%","seismic_work_deadline":"05/12/2051","priority_building":false,"notice_issued_by":"Hamilton City Council","heritage_status":null,"area_of_seismic_risk":"Medium","notice_count":1,"remediated":false,"approximate":false}},{"type":"Feature","geometry":{"type":"Point","coordinates":[175.2384747,-37.7575182]},"properties":{"address":"48 Northway Street, Te Rapa, Hamilton","suburb":"Te Rapa","city":"Hamilton","common_names":null,"notice_type":"EPB notice","date_of_issue":"25/11/2025","earthquake_rating":"Not determined","seismic_work_deadline":"22/11/2051","priority_building":false,"notice_issued_by":"Hamilton City Council","heritage_status":null,"area_of_seismic_risk":"Medium","notice_count":1,"remediated":false,"approximate":false}},{"type":"Feature","geometry":{"type":"Point","coordinates":[175.2811822,-37.7901156]},"properties":{"address":"101 Collingwood Street, Hamilton Central, Hamilton","suburb":"Hamilton Central","city":"Hamilton","common_names":null,"notice_type":"EPB notice","date_of_issue":"25/11/2025","earthquake_rating":"Not determined","seismic_work_deadline":"22/11/2051","priority_building":false,"notice_issued_by":"Hamilton City Council","heritage_status":null,"area_of_seismic_risk":"Medium","notice_count":1,"remediated":false,"approximate":false}},{"type":"Feature","geometry":{"type":"Point","coordinates":[175.2816361,-37.794942]},"properties":{"address":"91 Clarence Street, Hamilton Lake, Hamilton","suburb":"Hamilton Lake","city":"Hamilton","common_names":null,"notice_type":"EPB notice","date_of_issue":"25/11/2025","earthquake_rating":"Not determined","seismic_work_deadline":"22/11/2051","priority_building":false,"notice_issued_by":"Hamilton City Council","heritage_status":null,"area_of_seismic_risk":"Medium","notice_count":1,"remediated":false,"approximate":false}},{"type":"Feature","geometry":{"type":"Point","coordinates":[175.2541967,-37.7814995]},"properties":{"address":"23 Goodfellow Place, Frankton, Hamilton","suburb":"Frankton","city":"Hamilton","common_names":null,"notice_type":"EPB notice","date_of_issue":"25/11/2025","earthquake_rating":"Not determined","seismic_work_deadline":"22/11/2051","priority_building":false,"notice_issued_by":"Hamilton City Council","heritage_status":null,"area_of_seismic_risk":"Medium","notice_count":1,"remediated":false,"approximate":false}},{"type":"Feature","geometry":{"type":"Point","coordinates":[175.263486,-37.7907494]},"properties":{"address":"4 Ellis Street, Frankton, Hamilton","suburb":"Frankton","city":"Hamilton","common_names":null,"notice_type":"EPB notice","date_of_issue":"25/11/2025","earthquake_rating":"Not determined","seismic_work_deadline":"22/11/2051","priority_building":false,"notice_issued_by":"Hamilton City Council","heritage_status":null,"area_of_seismic_risk":"Medium","notice_count":1,"remediated":false,"approximate":false}},{"type":"Feature","geometry":{"type":"Point","coordinates":[175.2638887,-37.7907197]},"properties":{"address":"3 Ellis Street, Frankton, Hamilton","suburb":"Frankton","city":"Hamilton","common_names":"Old Warehouse Eastern Boundary","notice_type":"EPB notice","date_of_issue":"25/11/2025","earthquake_rating":"Not determined","seismic_work_deadline":"22/11/2051","priority_building":false,"notice_issued_by":"Hamilton City Council","heritage_status":null,"area_of_seismic_risk":"Medium","notice_count":1,"remediated":false,"approximate":false}},{"type":"Feature","geometry":{"type":"Point","coordinates":[175.2543938,-37.7819417]},"properties":{"address":"17 Goodfellow Place, Frankton, Hamilton","suburb":"Frankton","city":"Hamilton","common_names":null,"notice_type":"EPB notice","date_of_issue":"25/11/2025","earthquake_rating":"Not determined","seismic_work_deadline":"22/11/2051","priority_building":false,"notice_issued_by":"Hamilton City Council","heritage_status":null,"area_of_seismic_risk":"Medium","notice_count":1,"remediated":false,"approximate":false}},{"type":"Feature","geometry":{"type":"Point","coordinates":[175.2830619,-37.7844701]},"properties":{"address":"32 Claudelands Road, Claudelands, Hamilton","suburb":"Claudelands","city":"Hamilton","common_names":"Hamilton Cosmopolitan Club","notice_type":"EPB notice","date_of_issue":"25/11/2025","earthquake_rating":"Not determined","seismic_work_deadline":"22/11/2051","priority_building":false,"notice_issued_by":"Hamilton City Council","heritage_status":null,"area_of_seismic_risk":"Medium","notice_count":1,"remediated":false,"approximate":true}},{"type":"Feature","geometry":{"type":"Point","coordinates":[175.2536062,-37.7811317]},"properties":{"address":"29 Goodfellow Place, Frankton, Hamilton","suburb":"Frankton","city":"Hamilton","common_names":"Southside Warehouse","notice_type":"EPB notice","date_of_issue":"25/11/2025","earthquake_rating":"20% to less than 34%","seismic_work_deadline":"10/11/2051","priority_building":false,"notice_issued_by":"Hamilton City Council","heritage_status":null,"area_of_seismic_risk":"Medium","notice_count":6,"remediated":false,"approximate":false}},{"type":"Feature","geometry":{"type":"Point","coordinates":[175.2827215,-37.7792891]},"properties":{"address":"294 River Road, Claudelands, Hamilton","suburb":"Claudelands","city":"Hamilton","common_names":"Administration Block","notice_type":"EPB notice","date_of_issue":"25/11/2025","earthquake_rating":"20% to less than 34%","seismic_work_deadline":"10/11/2051","priority_building":false,"notice_issued_by":"Hamilton City Council","heritage_status":null,"area_of_seismic_risk":"Medium","notice_count":1,"remediated":false,"approximate":false}},{"type":"Feature","geometry":{"type":"Point","coordinates":[175.2633541,-37.7699348]},"properties":{"address":"1375 Victoria Street, Beerescourt, Hamilton","suburb":"Beerescourt","city":"Hamilton","common_names":null,"notice_type":"EPB notice","date_of_issue":"25/11/2025","earthquake_rating":"20% to less than 34%","seismic_work_deadline":"10/11/2051","priority_building":false,"notice_issued_by":"Hamilton City Council","heritage_status":null,"area_of_seismic_risk":"Medium","notice_count":2,"remediated":false,"approximate":false}},{"type":"Feature","geometry":{"type":"Point","coordinates":[175.2731662,-37.7771786]},"properties":{"address":"4 Mill Lane, Whitiora, Hamilton","suburb":"Whitiora","city":"Hamilton","common_names":null,"notice_type":"EPB notice","date_of_issue":"25/11/2025","earthquake_rating":"20% to less than 34%","seismic_work_deadline":"10/11/2051","priority_building":false,"notice_issued_by":"Hamilton City Council","heritage_status":null,"area_of_seismic_risk":"Medium","notice_count":1,"remediated":false,"approximate":false}},{"type":"Feature","geometry":{"type":"Point","coordinates":[175.2964517,-37.7961925]},"properties":{"address":"55 Albert Street, Hamilton East, Hamilton","suburb":"Hamilton East","city":"Hamilton","common_names":null,"notice_type":"EPB notice","date_of_issue":"25/11/2025","earthquake_rating":"20% to less than 34%","seismic_work_deadline":"10/11/2051","priority_building":false,"notice_issued_by":"Hamilton City Council","heritage_status":null,"area_of_seismic_risk":"Medium","notice_count":1,"remediated":false,"approximate":true}},{"type":"Feature","geometry":{"type":"Point","coordinates":[175.2959607,-37.7976605]},"properties":{"address":"50 Albert Street, Hamilton East, Hamilton","suburb":"Hamilton East","city":"Hamilton","common_names":null,"notice_type":"EPB notice","date_of_issue":"25/11/2025","earthquake_rating":"20% to less than 34%","seismic_work_deadline":"10/11/2051","priority_building":false,"notice_issued_by":"Hamilton City Council","heritage_status":null,"area_of_seismic_risk":"Medium","notice_count":1,"remediated":false,"approximate":false}},{"type":"Feature","geometry":{"type":"Point","coordinates":[175.2639136,-37.7935061]},"properties":{"address":"40 Ellis Street, Frankton, Hamilton","suburb":"Frankton","city":"Hamilton","common_names":null,"notice_type":"EPB notice","date_of_issue":"25/11/2025","earthquake_rating":"20% to less than 34%","seismic_work_deadline":"10/11/2051","priority_building":false,"notice_issued_by":"Hamilton City Council","heritage_status":null,"area_of_seismic_risk":"Medium","notice_count":1,"remediated":false,"approximate":false}},{"type":"Feature","geometry":{"type":"Point","coordinates":[175.2659806,-37.7814191]},"properties":{"address":"149 Seddon Road, Frankton, Hamilton","suburb":"Frankton","city":"Hamilton","common_names":null,"notice_type":"EPB notice","date_of_issue":"25/11/2025","earthquake_rating":"20% to less than 34%","seismic_work_deadline":"10/11/2051","priority_building":false,"notice_issued_by":"Hamilton City Council","heritage_status":null,"area_of_seismic_risk":"Medium","notice_count":1,"remediated":false,"approximate":false}},{"type":"Feature","geometry":{"type":"Point","coordinates":[175.2680189,-37.7875181]},"properties":{"address":"36 King Street, Frankton, Hamilton","suburb":"Frankton","city":"Hamilton","common_names":null,"notice_type":"EPB notice","date_of_issue":"25/11/2025","earthquake_rating":"20% to less than 34%","seismic_work_deadline":"10/11/2051","priority_building":false,"notice_issued_by":"Hamilton City Council","heritage_status":null,"area_of_seismic_risk":"Medium","notice_count":1,"remediated":false,"approximate":false}},{"type":"Feature","geometry":{"type":"Point","coordinates":[175.2892723,-37.7992245]},"properties":{"address":"35 Jellicoe Drive, Hamilton East, Hamilton","suburb":"Hamilton East","city":"Hamilton","common_names":null,"notice_type":"EPB notice","date_of_issue":"25/11/2025","earthquake_rating":"20% to less than 34%","seismic_work_deadline":"10/11/2051","priority_building":false,"notice_issued_by":"Hamilton City Council","heritage_status":null,"area_of_seismic_risk":"Medium","notice_count":1,"remediated":false,"approximate":false}},{"type":"Feature","geometry":{"type":"Point","coordinates":[175.2604256,-37.7921]},"properties":{"address":"62 Greenwood Street, Frankton, Hamilton","suburb":"Frankton","city":"Hamilton","common_names":null,"notice_type":"EPB notice","date_of_issue":"25/11/2025","earthquake_rating":"20% to less than 34%","seismic_work_deadline":"10/11/2051","priority_building":false,"notice_issued_by":"Hamilton City Council","heritage_status":null,"area_of_seismic_risk":"Medium","notice_count":1,"remediated":false,"approximate":false}},{"type":"Feature","geometry":{"type":"Point","coordinates":[175.2540551,-36.9833186]},"properties":{"address":"280 Orere MatingarahI Road, Orere Point, Auckland","suburb":"Orere Point","city":"Auckland","common_names":null,"notice_type":"EPB notice","date_of_issue":"27/11/2025","earthquake_rating":"20% to less than 34%","seismic_work_deadline":"27/11/2060","priority_building":false,"notice_issued_by":"Auckland Council","heritage_status":null,"area_of_seismic_risk":"Low","notice_count":1,"remediated":false,"approximate":false}},{"type":"Feature","geometry":{"type":"Point","coordinates":[175.0480815,-39.9317796]},"properties":{"address":"170 St Hill Street, Whanganui","suburb":null,"city":"Whanganui","common_names":null,"notice_type":"EPB notice","date_of_issue":"27/11/2025","earthquake_rating":"0% to less than 20%","seismic_work_deadline":"27/11/2050","priority_building":false,"notice_issued_by":"Whanganui District Council","heritage_status":null,"area_of_seismic_risk":"Medium","notice_count":1,"remediated":false,"approximate":false}},{"type":"Feature","geometry":{"type":"Point","coordinates":[174.8477976,-36.9814386]},"properties":{"address":"68 R Hill Road, Hill Park, Auckland","suburb":"Hill Park","city":"Auckland","common_names":null,"notice_type":"EPB notice","date_of_issue":"20/01/2020","earthquake_rating":"0% to less than 20%","seismic_work_deadline":"20/01/2055","priority_building":false,"notice_issued_by":"Auckland Council","heritage_status":"Scheduled by the TA","area_of_seismic_risk":"Low","notice_count":1,"remediated":true,"approximate":true}},{"type":"Feature","geometry":{"type":"Point","coordinates":[175.2864299,-37.7923098]},"properties":{"address":"51 Victoria Street, Hamilton Central, Hamilton","suburb":"Hamilton Central","city":"Hamilton","common_names":"Waikato Cathedral Church of St Peter","notice_type":"EPB notice","date_of_issue":"25/11/2025","earthquake_rating":"20% to less than 34%","seismic_work_deadline":"10/11/2051","priority_building":false,"notice_issued_by":"Hamilton City Council","heritage_status":null,"area_of_seismic_risk":"Medium","notice_count":1,"remediated":false,"approximate":false}},{"type":"Feature","geometry":{"type":"Point","coordinates":[175.2627958,-37.7899208]},"properties":{"address":"13 Waterloo Street, Frankton, Hamilton","suburb":"Frankton","city":"Hamilton","common_names":null,"notice_type":"EPB notice","date_of_issue":"25/11/2025","earthquake_rating":"20% to less than 34%","seismic_work_deadline":"10/11/2051","priority_building":false,"notice_issued_by":"Hamilton City Council","heritage_status":null,"area_of_seismic_risk":"Medium","notice_count":1,"remediated":false,"approximate":false}},{"type":"Feature","geometry":{"type":"Point","coordinates":[175.278964,-37.7838182]},"properties":{"address":"55 London Street, Hamilton Central, Hamilton","suburb":"Hamilton Central","city":"Hamilton","common_names":null,"notice_type":"EPB notice","date_of_issue":"25/11/2025","earthquake_rating":"20% to less than 34%","seismic_work_deadline":"10/11/2051","priority_building":false,"notice_issued_by":"Hamilton City Council","heritage_status":null,"area_of_seismic_risk":"Medium","notice_count":1,"remediated":false,"approximate":false}},{"type":"Feature","geometry":{"type":"Point","coordinates":[175.2624161,-37.7696846]},"properties":{"address":"459 Ulster Street, Beerescourt, Hamilton","suburb":"Beerescourt","city":"Hamilton","common_names":null,"notice_type":"EPB notice","date_of_issue":"25/11/2025","earthquake_rating":"20% to less than 34%","seismic_work_deadline":"10/11/2051","priority_building":false,"notice_issued_by":"Hamilton City Council","heritage_status":null,"area_of_seismic_risk":"Medium","notice_count":1,"remediated":false,"approximate":false}},{"type":"Feature","geometry":{"type":"Point","coordinates":[175.2421671,-37.753559]},"properties":{"address":"720 Te Rapa Road, Te Rapa, Hamilton","suburb":"Te Rapa","city":"Hamilton","common_names":null,"notice_type":"EPB notice","date_of_issue":"25/11/2025","earthquake_rating":"20% to less than 34%","seismic_work_deadline":"10/11/2051","priority_building":false,"notice_issued_by":"Hamilton City Council","heritage_status":null,"area_of_seismic_risk":"Medium","notice_count":1,"remediated":false,"approximate":false}},{"type":"Feature","geometry":{"type":"Point","coordinates":[175.2430741,-37.7535222]},"properties":{"address":"706 Te Rapa Road, Te Rapa, Hamilton","suburb":"Te Rapa","city":"Hamilton","common_names":null,"notice_type":"EPB notice","date_of_issue":"25/11/2025","earthquake_rating":"20% to less than 34%","seismic_work_deadline":"10/11/2051","priority_building":false,"notice_issued_by":"Hamilton City Council","heritage_status":null,"area_of_seismic_risk":"Medium","notice_count":1,"remediated":false,"approximate":false}},{"type":"Feature","geometry":{"type":"Point","coordinates":[175.288529,-37.783221]},"properties":{"address":"20 Te Aroha Street, Hamilton East, Hamilton","suburb":"Hamilton East","city":"Hamilton","common_names":null,"notice_type":"EPB notice","date_of_issue":"25/11/2025","earthquake_rating":"20% to less than 34%","seismic_work_deadline":"10/11/2051","priority_building":false,"notice_issued_by":"Hamilton City Council","heritage_status":null,"area_of_seismic_risk":"Medium","notice_count":1,"remediated":false,"approximate":false}},{"type":"Feature","geometry":{"type":"Point","coordinates":[175.2706013,-37.7703364]},"properties":{"address":"546 River Road, Fairfield, Hamilton","suburb":"Fairfield","city":"Hamilton","common_names":null,"notice_type":"EPB notice","date_of_issue":"25/11/2025","earthquake_rating":"20% to less than 34%","seismic_work_deadline":"10/11/2051","priority_building":false,"notice_issued_by":"Hamilton City Council","heritage_status":null,"area_of_seismic_risk":"Medium","notice_count":1,"remediated":false,"approximate":false}},{"type":"Feature","geometry":{"type":"Point","coordinates":[175.2931955,-37.7721394]},"properties":{"address":"264 Peachgrove Road, Fairfield, Hamilton","suburb":"Fairfield","city":"Hamilton","common_names":null,"notice_type":"EPB notice","date_of_issue":"25/11/2025","earthquake_rating":"20% to less than 34%","seismic_work_deadline":"10/11/2051","priority_building":false,"notice_issued_by":"Hamilton City Council","heritage_status":null,"area_of_seismic_risk":"Medium","notice_count":1,"remediated":false,"approximate":false}},{"type":"Feature","geometry":{"type":"Point","coordinates":[175.2903472,-37.781758]},"properties":{"address":"3 New Street, Hamilton East, Hamilton","suburb":"Hamilton East","city":"Hamilton","common_names":null,"notice_type":"EPB notice","date_of_issue":"25/11/2025","earthquake_rating":"20% to less than 34%","seismic_work_deadline":"10/11/2051","priority_building":false,"notice_issued_by":"Hamilton City Council","heritage_status":null,"area_of_seismic_risk":"Medium","notice_count":1,"remediated":false,"approximate":true}},{"type":"Feature","geometry":{"type":"Point","coordinates":[175.3259509,-37.8001366]},"properties":{"address":"36 Morrinsville Road, Hillcrest, Hamilton","suburb":"Hillcrest","city":"Hamilton","common_names":"Small Office","notice_type":"EPB notice","date_of_issue":"25/11/2025","earthquake_rating":"20% to less than 34%","seismic_work_deadline":"10/11/2051","priority_building":false,"notice_issued_by":"Hamilton City Council","heritage_status":null,"area_of_seismic_risk":"Medium","notice_count":1,"remediated":false,"approximate":false}},{"type":"Feature","geometry":{"type":"Point","coordinates":[175.3177306,-37.7984107]},"properties":{"address":"10 Masters Avenue, Hillcrest, Hamilton","suburb":"Hillcrest","city":"Hamilton","common_names":null,"notice_type":"EPB notice","date_of_issue":"25/11/2025","earthquake_rating":"20% to less than 34%","seismic_work_deadline":"10/11/2051","priority_building":false,"notice_issued_by":"Hamilton City Council","heritage_status":null,"area_of_seismic_risk":"Medium","notice_count":1,"remediated":false,"approximate":false}},{"type":"Feature","geometry":{"type":"Point","coordinates":[175.2598667,-37.7842633]},"properties":{"address":"184 Kent Street, Frankton, Hamilton","suburb":"Frankton","city":"Hamilton","common_names":null,"notice_type":"EPB notice","date_of_issue":"25/11/2025","earthquake_rating":"20% to less than 34%","seismic_work_deadline":"10/11/2051","priority_building":false,"notice_issued_by":"Hamilton City Council","heritage_status":null,"area_of_seismic_risk":"Medium","notice_count":1,"remediated":false,"approximate":false}},{"type":"Feature","geometry":{"type":"Point","coordinates":[175.2609545,-37.7842305]},"properties":{"address":"3 Jolly Street, Frankton, Hamilton","suburb":"Frankton","city":"Hamilton","common_names":null,"notice_type":"EPB notice","date_of_issue":"25/11/2025","earthquake_rating":"20% to less than 34%","seismic_work_deadline":"10/11/2051","priority_building":false,"notice_issued_by":"Hamilton City Council","heritage_status":null,"area_of_seismic_risk":"Medium","notice_count":1,"remediated":false,"approximate":false}},{"type":"Feature","geometry":{"type":"Point","coordinates":[175.2625388,-37.7858225]},"properties":{"address":"15 Haig Street, Frankton, Hamilton","suburb":"Frankton","city":"Hamilton","common_names":null,"notice_type":"EPB notice","date_of_issue":"18/11/2025","earthquake_rating":"20% to less than 34%","seismic_work_deadline":"10/11/2051","priority_building":false,"notice_issued_by":"Hamilton City Council","heritage_status":null,"area_of_seismic_risk":"Medium","notice_count":1,"remediated":false,"approximate":false}},{"type":"Feature","geometry":{"type":"Point","coordinates":[175.2601235,-37.7918233]},"properties":{"address":"56 Greenwood Street, Frankton, Hamilton","suburb":"Frankton","city":"Hamilton","common_names":null,"notice_type":"EPB notice","date_of_issue":"18/11/2025","earthquake_rating":"20% to less than 34%","seismic_work_deadline":"10/11/2051","priority_building":false,"notice_issued_by":"Hamilton City Council","heritage_status":null,"area_of_seismic_risk":"Medium","notice_count":1,"remediated":false,"approximate":true}},{"type":"Feature","geometry":{"type":"Point","coordinates":[175.2623757,-37.7860466]},"properties":{"address":"17 Empire Street, Frankton, Hamilton","suburb":"Frankton","city":"Hamilton","common_names":null,"notice_type":"EPB notice","date_of_issue":"18/11/2025","earthquake_rating":"20% to less than 34%","seismic_work_deadline":"10/11/2051","priority_building":false,"notice_issued_by":"Hamilton City Council","heritage_status":null,"area_of_seismic_risk":"Medium","notice_count":1,"remediated":false,"approximate":false}},{"type":"Feature","geometry":{"type":"Point","coordinates":[175.2624487,-37.7858299]},"properties":{"address":"15 Empire Street, Frankton, Hamilton","suburb":"Frankton","city":"Hamilton","common_names":null,"notice_type":"EPB notice","date_of_issue":"18/11/2025","earthquake_rating":"20% to less than 34%","seismic_work_deadline":"10/11/2051","priority_building":false,"notice_issued_by":"Hamilton City Council","heritage_status":null,"area_of_seismic_risk":"Medium","notice_count":1,"remediated":false,"approximate":false}},{"type":"Feature","geometry":{"type":"Point","coordinates":[175.2640887,-37.7944276]},"properties":{"address":"56 Ellis Street, Frankton, Hamilton","suburb":"Frankton","city":"Hamilton","common_names":null,"notice_type":"EPB notice","date_of_issue":"18/11/2025","earthquake_rating":"20% to less than 34%","seismic_work_deadline":"10/11/2051","priority_building":false,"notice_issued_by":"Hamilton City Council","heritage_status":null,"area_of_seismic_risk":"Medium","notice_count":1,"remediated":false,"approximate":false}},{"type":"Feature","geometry":{"type":"Point","coordinates":[175.2618313,-37.7895462]},"properties":{"address":"112 Colombo Street, Frankton, Hamilton","suburb":"Frankton","city":"Hamilton","common_names":null,"notice_type":"EPB notice","date_of_issue":"18/11/2025","earthquake_rating":"20% to less than 34%","seismic_work_deadline":"10/11/2051","priority_building":false,"notice_issued_by":"Hamilton City Council","heritage_status":null,"area_of_seismic_risk":"Medium","notice_count":1,"remediated":false,"approximate":false}},{"type":"Feature","geometry":{"type":"Point","coordinates":[175.2878692,-37.8081968]},"properties":{"address":"21 Bader Street, Bader, Hamilton","suburb":"Bader","city":"Hamilton","common_names":null,"notice_type":"EPB notice","date_of_issue":"18/11/2025","earthquake_rating":"20% to less than 34%","seismic_work_deadline":"10/11/2051","priority_building":false,"notice_issued_by":"Hamilton City Council","heritage_status":null,"area_of_seismic_risk":"Medium","notice_count":1,"remediated":false,"approximate":false}},{"type":"Feature","geometry":{"type":"Point","coordinates":[175.2876882,-37.8082142]},"properties":{"address":"15 Bader Street, Bader, Hamilton","suburb":"Bader","city":"Hamilton","common_names":null,"notice_type":"EPB notice","date_of_issue":"18/11/2025","earthquake_rating":"20% to less than 34%","seismic_work_deadline":"10/11/2051","priority_building":false,"notice_issued_by":"Hamilton City Council","heritage_status":null,"area_of_seismic_risk":"Medium","notice_count":1,"remediated":false,"approximate":false}},{"type":"Feature","geometry":{"type":"Point","coordinates":[175.2726641,-37.77531]},"properties":{"address":"1190 Victoria Street, Whitiora, Hamilton","suburb":"Whitiora","city":"Hamilton","common_names":null,"notice_type":"EPB notice","date_of_issue":"18/11/2025","earthquake_rating":"20% to less than 34%","seismic_work_deadline":"10/11/2051","priority_building":false,"notice_issued_by":"Hamilton City Council","heritage_status":null,"area_of_seismic_risk":"Medium","notice_count":1,"remediated":false,"approximate":false}},{"type":"Feature","geometry":{"type":"Point","coordinates":[175.2575566,-37.7786684]},"properties":{"address":"12 Miro Street, Maeroa, Hamilton","suburb":"Maeroa","city":"Hamilton","common_names":"Church Hall","notice_type":"EPB notice","date_of_issue":"18/11/2025","earthquake_rating":"20% to less than 34%","seismic_work_deadline":"10/11/2051","priority_building":false,"notice_issued_by":"Hamilton City Council","heritage_status":null,"area_of_seismic_risk":"Medium","notice_count":2,"remediated":false,"approximate":false}},{"type":"Feature","geometry":{"type":"Point","coordinates":[175.280526,-37.7957244]},"properties":{"address":"28 Pembroke Street, Hamilton Lake, Hamilton","suburb":"Hamilton Lake","city":"Hamilton","common_names":"YWCA - Bishopscourt","notice_type":"EPB notice","date_of_issue":"18/11/2025","earthquake_rating":"0% to less than 20%","seismic_work_deadline":"04/11/2051","priority_building":false,"notice_issued_by":"Hamilton City Council","heritage_status":null,"area_of_seismic_risk":"Medium","notice_count":3,"remediated":false,"approximate":false}},{"type":"Feature","geometry":{"type":"Point","coordinates":[175.2849323,-37.7836777]},"properties":{"address":"181 River Road, Hamilton East, Hamilton","suburb":"Hamilton East","city":"Hamilton","common_names":null,"notice_type":"EPB notice","date_of_issue":"18/11/2025","earthquake_rating":"0% to less than 20%","seismic_work_deadline":"04/11/2051","priority_building":false,"notice_issued_by":"Hamilton City Council","heritage_status":null,"area_of_seismic_risk":"Medium","notice_count":1,"remediated":false,"approximate":false}},{"type":"Feature","geometry":{"type":"Point","coordinates":[175.3158434,-37.7986723]},"properties":{"address":"131 Cambridge Road, Hillcrest, Hamilton","suburb":"Hillcrest","city":"Hamilton","common_names":null,"notice_type":"EPB notice","date_of_issue":"18/11/2025","earthquake_rating":"0% to less than 20%","seismic_work_deadline":"04/11/2051","priority_building":false,"notice_issued_by":"Hamilton City Council","heritage_status":null,"area_of_seismic_risk":"Medium","notice_count":1,"remediated":false,"approximate":false}},{"type":"Feature","geometry":{"type":"Point","coordinates":[175.2613733,-37.788928]},"properties":{"address":"125 Colombo Street, Frankton, Hamilton","suburb":"Frankton","city":"Hamilton","common_names":null,"notice_type":"EPB notice","date_of_issue":"18/11/2025","earthquake_rating":"0% to less than 20%","seismic_work_deadline":"04/11/2051","priority_building":false,"notice_issued_by":"Hamilton City Council","heritage_status":null,"area_of_seismic_risk":"Medium","notice_count":1,"remediated":false,"approximate":false}},{"type":"Feature","geometry":{"type":"Point","coordinates":[175.2427248,-37.7968822]},"properties":{"address":"2 Whatawhata Road, Dinsdale, Hamilton","suburb":"Dinsdale","city":"Hamilton","common_names":null,"notice_type":"EPB notice","date_of_issue":"18/11/2025","earthquake_rating":"0% to less than 20%","seismic_work_deadline":"04/11/2051","priority_building":false,"notice_issued_by":"Hamilton City Council","heritage_status":null,"area_of_seismic_risk":"Medium","notice_count":1,"remediated":false,"approximate":true}},{"type":"Feature","geometry":{"type":"Point","coordinates":[175.2595784,-37.7816085]},"properties":{"address":"9 Wha Street, Frankton, Hamilton","suburb":"Frankton","city":"Hamilton","common_names":null,"notice_type":"EPB notice","date_of_issue":"18/11/2025","earthquake_rating":"0% to less than 20%","seismic_work_deadline":"04/11/2051","priority_building":false,"notice_issued_by":"Hamilton City Council","heritage_status":null,"area_of_seismic_risk":"Medium","notice_count":1,"remediated":false,"approximate":false}},{"type":"Feature","geometry":{"type":"Point","coordinates":[175.2579431,-37.7880579]},"properties":{"address":"6 West Street, Frankton, Hamilton","suburb":"Frankton","city":"Hamilton","common_names":null,"notice_type":"EPB notice","date_of_issue":"18/11/2025","earthquake_rating":"0% to less than 20%","seismic_work_deadline":"04/11/2051","priority_building":false,"notice_issued_by":"Hamilton City Council","heritage_status":null,"area_of_seismic_risk":"Medium","notice_count":1,"remediated":false,"approximate":false}},{"type":"Feature","geometry":{"type":"Point","coordinates":[175.241743,-37.7531527]},"properties":{"address":"740 Te Rapa Road, Te Rapa, Hamilton","suburb":"Te Rapa","city":"Hamilton","common_names":"Front Showroom and Workshop","notice_type":"EPB notice","date_of_issue":"18/11/2025","earthquake_rating":"0% to less than 20%","seismic_work_deadline":"04/11/2051","priority_building":false,"notice_issued_by":"Hamilton City Council","heritage_status":null,"area_of_seismic_risk":"Medium","notice_count":1,"remediated":false,"approximate":false}},{"type":"Feature","geometry":{"type":"Point","coordinates":[175.2822926,-37.8112455]},"properties":{"address":"1 Normandy Avenue, Melville, Hamilton","suburb":"Melville","city":"Hamilton","common_names":null,"notice_type":"EPB notice","date_of_issue":"18/11/2025","earthquake_rating":"Not determined","seismic_work_deadline":"04/11/2051","priority_building":false,"notice_issued_by":"Hamilton City Council","heritage_status":null,"area_of_seismic_risk":"Medium","notice_count":1,"remediated":false,"approximate":false}},{"type":"Feature","geometry":{"type":"Point","coordinates":[175.2624418,-37.786041]},"properties":{"address":"19 Empire Street, Frankton, Hamilton","suburb":"Frankton","city":"Hamilton","common_names":null,"notice_type":"EPB notice","date_of_issue":"18/11/2025","earthquake_rating":"0% to less than 20%","seismic_work_deadline":"04/11/2051","priority_building":false,"notice_issued_by":"Hamilton City Council","heritage_status":null,"area_of_seismic_risk":"Medium","notice_count":1,"remediated":false,"approximate":false}},{"type":"Feature","geometry":{"type":"Point","coordinates":[172.6059285,-43.5297128]},"properties":{"address":"65 Riccarton Road, Riccarton, Christchurch","suburb":"Riccarton","city":"Christchurch","common_names":"St James Church","notice_type":"EPB notice","date_of_issue":"11/12/2017","earthquake_rating":"0% to less than 20%","seismic_work_deadline":"11/06/2029","priority_building":true,"notice_issued_by":"Christchurch City Council","heritage_status":null,"area_of_seismic_risk":"High","notice_count":1,"remediated":true,"approximate":false}},{"type":"Feature","geometry":{"type":"Point","coordinates":[175.25294,-37.7678081]},"properties":{"address":"61 Garnett Avenue, Forest Lake, Hamilton","suburb":"Forest Lake","city":"Hamilton","common_names":"Waterworld","notice_type":"EPB notice","date_of_issue":"17/11/2025","earthquake_rating":"20% to less than 34%","seismic_work_deadline":"20/10/2051","priority_building":false,"notice_issued_by":"Hamilton City Council","heritage_status":null,"area_of_seismic_risk":"Medium","notice_count":1,"remediated":false,"approximate":false}},{"type":"Feature","geometry":{"type":"Point","coordinates":[175.3155908,-37.7956608]},"properties":{"address":"139 Hillcrest Road, Hillcrest, Hamilton","suburb":"Hillcrest","city":"Hamilton","common_names":"University of Waikato L Block","notice_type":"EPB notice","date_of_issue":"17/11/2025","earthquake_rating":"0% to less than 20%","seismic_work_deadline":"22/05/2039","priority_building":true,"notice_issued_by":"Hamilton City Council","heritage_status":null,"area_of_seismic_risk":"Medium","notice_count":3,"remediated":false,"approximate":true}},{"type":"Feature","geometry":{"type":"Point","coordinates":[175.2849706,-37.7906273]},"properties":{"address":"38 Hood Street, Hamilton Central, Hamilton","suburb":"Hamilton Central","city":"Hamilton","common_names":null,"notice_type":"EPB notice","date_of_issue":"23/10/2025","earthquake_rating":"20% to less than 34%","seismic_work_deadline":"01/05/2039","priority_building":true,"notice_issued_by":"Hamilton City Council","heritage_status":null,"area_of_seismic_risk":"Medium","notice_count":2,"remediated":false,"approximate":false}},{"type":"Feature","geometry":{"type":"Point","coordinates":[175.2763305,-37.7846739]},"properties":{"address":"136 London Street, Hamilton Central, Hamilton","suburb":"Hamilton Central","city":"Hamilton","common_names":null,"notice_type":"EPB notice","date_of_issue":"17/11/2025","earthquake_rating":"20% to less than 34%","seismic_work_deadline":"01/05/2039","priority_building":true,"notice_issued_by":"Hamilton City Council","heritage_status":null,"area_of_seismic_risk":"Medium","notice_count":1,"remediated":false,"approximate":false}},{"type":"Feature","geometry":{"type":"Point","coordinates":[175.3187229,-37.788613]},"properties":{"address":"137 Hillcrest Road, Hillcrest, Hamilton","suburb":"Hillcrest","city":"Hamilton","common_names":"University of Waikato K Block","notice_type":"EPB notice","date_of_issue":"17/11/2025","earthquake_rating":"0% to less than 20%","seismic_work_deadline":"25/04/2039","priority_building":true,"notice_issued_by":"Hamilton City Council","heritage_status":null,"area_of_seismic_risk":"Medium","notice_count":4,"remediated":false,"approximate":false}},{"type":"Feature","geometry":{"type":"Point","coordinates":[175.3180337,-37.7901928]},"properties":{"address":"115 Hillcrest Road, Hillcrest, Hamilton","suburb":"Hillcrest","city":"Hamilton","common_names":"University of Waikato E Block","notice_type":"EPB notice","date_of_issue":"17/11/2025","earthquake_rating":"0% to less than 20%","seismic_work_deadline":"25/04/2039","priority_building":true,"notice_issued_by":"Hamilton City Council","heritage_status":null,"area_of_seismic_risk":"Medium","notice_count":4,"remediated":false,"approximate":false}},{"type":"Feature","geometry":{"type":"Point","coordinates":[175.0528213,-39.9340447]},"properties":{"address":"64 St Hill Street, Whanganui","suburb":null,"city":"Whanganui","common_names":null,"notice_type":"EPB notice","date_of_issue":"24/11/2025","earthquake_rating":"0% to less than 20%","seismic_work_deadline":"24/11/2050","priority_building":false,"notice_issued_by":"Whanganui District Council","heritage_status":null,"area_of_seismic_risk":"Medium","notice_count":1,"remediated":false,"approximate":false}},{"type":"Feature","geometry":{"type":"Point","coordinates":[175.0577112,-39.9049266]},"properties":{"address":"12 Gibson Street, Aramoho, Whanganui","suburb":"Aramoho","city":"Whanganui","common_names":null,"notice_type":"EPB notice","date_of_issue":"20/11/2025","earthquake_rating":"20% to less than 34%","seismic_work_deadline":"20/11/2050","priority_building":false,"notice_issued_by":"Whanganui District Council","heritage_status":null,"area_of_seismic_risk":"Medium","notice_count":1,"remediated":false,"approximate":false}},{"type":"Feature","geometry":{"type":"Point","coordinates":[170.5134876,-45.847662]},"properties":{"address":"281 Pine Hill Road, Liberton, Dunedin","suburb":"Liberton","city":"Dunedin","common_names":null,"notice_type":"EPB notice","date_of_issue":"06/05/2025","earthquake_rating":"Not determined","seismic_work_deadline":"22/04/2060","priority_building":false,"notice_issued_by":"Dunedin City Council","heritage_status":null,"area_of_seismic_risk":"Low","notice_count":1,"remediated":true,"approximate":false}},{"type":"Feature","geometry":{"type":"Point","coordinates":[175.6578692,-40.9520271]},"properties":{"address":"272 Queen Street, Masterton","suburb":null,"city":"Masterton","common_names":"Family","notice_type":"EPB notice","date_of_issue":"20/11/2025","earthquake_rating":"Not determined","seismic_work_deadline":"20/05/2033","priority_building":true,"notice_issued_by":"Masterton District Council","heritage_status":null,"area_of_seismic_risk":"High","notice_count":1,"remediated":false,"approximate":false}},{"type":"Feature","geometry":{"type":"Point","coordinates":[175.0467147,-39.9289387]},"properties":{"address":"243 Wicksteed Street, Whanganui","suburb":null,"city":"Whanganui","common_names":null,"notice_type":"EPB notice","date_of_issue":"18/11/2025","earthquake_rating":"0% to less than 20%","seismic_work_deadline":"18/11/2050","priority_building":false,"notice_issued_by":"Whanganui District Council","heritage_status":null,"area_of_seismic_risk":"Medium","notice_count":1,"remediated":false,"approximate":false}},{"type":"Feature","geometry":{"type":"Point","coordinates":[172.5502312,-43.4825594]},"properties":{"address":"115 Orchard Road, Harewood, Christchurch","suburb":"Harewood","city":"Christchurch","common_names":"Building 2","notice_type":"EPB notice","date_of_issue":"31/01/2023","earthquake_rating":"20% to less than 34%","seismic_work_deadline":"31/01/2042","priority_building":false,"notice_issued_by":"Christchurch City Council","heritage_status":null,"area_of_seismic_risk":"High","notice_count":2,"remediated":true,"approximate":false}},{"type":"Feature","geometry":{"type":"Point","coordinates":[175.3044329,-37.8095229]},"properties":{"address":"1 A Waiora Terrace, Fitzroy, Hamilton","suburb":"Fitzroy","city":"Hamilton","common_names":"Water Treatment Plant Storage Building","notice_type":"EPB notice","date_of_issue":"17/11/2025","earthquake_rating":"20% to less than 34%","seismic_work_deadline":"20/10/2051","priority_building":false,"notice_issued_by":"Hamilton City Council","heritage_status":null,"area_of_seismic_risk":"Medium","notice_count":1,"remediated":false,"approximate":false}},{"type":"Feature","geometry":{"type":"Point","coordinates":[175.232248,-37.7311965]},"properties":{"address":"315 Pukete Road, Pukete, Hamilton","suburb":"Pukete","city":"Hamilton","common_names":"Administration Building","notice_type":"EPB notice","date_of_issue":"17/11/2025","earthquake_rating":"20% to less than 34%","seismic_work_deadline":"20/10/2051","priority_building":false,"notice_issued_by":"Hamilton City Council","heritage_status":null,"area_of_seismic_risk":"Medium","notice_count":1,"remediated":false,"approximate":false}},{"type":"Feature","geometry":{"type":"Point","coordinates":[175.2940787,-37.769467]},"properties":{"address":"66 Tennyson Road, Enderley, Hamilton","suburb":"Enderley","city":"Hamilton","common_names":null,"notice_type":"EPB notice","date_of_issue":"17/11/2025","earthquake_rating":"20% to less than 34%","seismic_work_deadline":"20/10/2051","priority_building":false,"notice_issued_by":"Hamilton City Council","heritage_status":null,"area_of_seismic_risk":"Medium","notice_count":1,"remediated":false,"approximate":true}},{"type":"Feature","geometry":{"type":"Point","coordinates":[175.2606874,-37.7721857]},"properties":{"address":"1 A Windsor Road, Maeroa, Hamilton","suburb":"Maeroa","city":"Hamilton","common_names":null,"notice_type":"EPB notice","date_of_issue":"17/11/2025","earthquake_rating":"20% to less than 34%","seismic_work_deadline":"20/10/2051","priority_building":false,"notice_issued_by":"Hamilton City Council","heritage_status":null,"area_of_seismic_risk":"Medium","notice_count":1,"remediated":false,"approximate":false}},{"type":"Feature","geometry":{"type":"Point","coordinates":[175.2817162,-37.7893985]},"properties":{"address":"236 Anglesea Street, Hamilton Central, Hamilton","suburb":"Hamilton Central","city":"Hamilton","common_names":null,"notice_type":"EPB notice","date_of_issue":"17/11/2025","earthquake_rating":"20% to less than 34%","seismic_work_deadline":"26/01/2040","priority_building":true,"notice_issued_by":"Hamilton City Council","heritage_status":null,"area_of_seismic_risk":"Medium","notice_count":1,"remediated":false,"approximate":false}},{"type":"Feature","geometry":{"type":"Point","coordinates":[175.3191178,-37.7890252]},"properties":{"address":"136 Hillcrest Road, Hillcrest, Hamilton","suburb":"Hillcrest","city":"Hamilton","common_names":"University of Waikato, Waikato Management School","notice_type":"EPB notice","date_of_issue":"17/11/2025","earthquake_rating":"20% to less than 34%","seismic_work_deadline":"05/06/2039","priority_building":true,"notice_issued_by":"Hamilton City Council","heritage_status":null,"area_of_seismic_risk":"Medium","notice_count":1,"remediated":false,"approximate":false}},{"type":"Feature","geometry":{"type":"Point","coordinates":[175.3194921,-37.7873689]},"properties":{"address":"163 Hillcrest Road, Hillcrest, Hamilton","suburb":"Hillcrest","city":"Hamilton","common_names":"University of Waikato TC Block Kitchen and Link Building","notice_type":"EPB notice","date_of_issue":"17/11/2025","earthquake_rating":"0% to less than 20%","seismic_work_deadline":"05/06/2039","priority_building":true,"notice_issued_by":"Hamilton City Council","heritage_status":null,"area_of_seismic_risk":"Medium","notice_count":5,"remediated":false,"approximate":false}},{"type":"Feature","geometry":{"type":"Point","coordinates":[175.3202208,-37.7858598]},"properties":{"address":"211 Hillcrest Road, Hillcrest, Hamilton","suburb":"Hillcrest","city":"Hamilton","common_names":"University of Waikato College Halls Building A","notice_type":"EPB notice","date_of_issue":"17/11/2025","earthquake_rating":"0% to less than 20%","seismic_work_deadline":"22/05/2039","priority_building":true,"notice_issued_by":"Hamilton City Council","heritage_status":null,"area_of_seismic_risk":"Medium","notice_count":2,"remediated":false,"approximate":false}},{"type":"Feature","geometry":{"type":"Point","coordinates":[175.2812675,-37.789149]},"properties":{"address":"Anglesea Street, Hamilton Central, Hamilton","suburb":"Hamilton Central","city":"Hamilton","common_names":"WINTEC Hamilton Central WINTEC House","notice_type":"EPB notice","date_of_issue":"17/11/2025","earthquake_rating":"Not determined","seismic_work_deadline":"22/05/2039","priority_building":true,"notice_issued_by":"Hamilton City Council","heritage_status":null,"area_of_seismic_risk":"Medium","notice_count":4,"remediated":false,"approximate":true}},{"type":"Feature","geometry":{"type":"Point","coordinates":[175.2820051,-37.7845864]},"properties":{"address":"7 Bryce Street, Hamilton Central, Hamilton","suburb":"Hamilton Central","city":"Hamilton","common_names":"ex Rural Bank","notice_type":"EPB notice","date_of_issue":"23/10/2025","earthquake_rating":"Not determined","seismic_work_deadline":"16/05/2039","priority_building":true,"notice_issued_by":"Hamilton City Council","heritage_status":null,"area_of_seismic_risk":"Medium","notice_count":1,"remediated":false,"approximate":false}},{"type":"Feature","geometry":{"type":"Point","coordinates":[175.2759909,-37.7791717]},"properties":{"address":"1000 Victoria Street, Whitiora, Hamilton","suburb":"Whitiora","city":"Hamilton","common_names":null,"notice_type":"EPB notice","date_of_issue":"23/10/2025","earthquake_rating":"Not determined","seismic_work_deadline":"16/05/2039","priority_building":true,"notice_issued_by":"Hamilton City Council","heritage_status":null,"area_of_seismic_risk":"Medium","notice_count":1,"remediated":false,"approximate":false}},{"type":"Feature","geometry":{"type":"Point","coordinates":[175.281287,-37.7971167]},"properties":{"address":"82 Palmerston Street, Hamilton Lake, Hamilton","suburb":"Hamilton Lake","city":"Hamilton","common_names":null,"notice_type":"EPB notice","date_of_issue":"23/10/2025","earthquake_rating":"Not determined","seismic_work_deadline":"16/05/2039","priority_building":true,"notice_issued_by":"Hamilton City Council","heritage_status":null,"area_of_seismic_risk":"Medium","notice_count":1,"remediated":false,"approximate":false}},{"type":"Feature","geometry":{"type":"Point","coordinates":[175.2845299,-37.7886211]},"properties":{"address":"220 Victoria Street, Hamilton Central, Hamilton","suburb":"Hamilton Central","city":"Hamilton","common_names":null,"notice_type":"EPB notice","date_of_issue":"23/10/2025","earthquake_rating":"Not determined","seismic_work_deadline":"16/05/2039","priority_building":true,"notice_issued_by":"Hamilton City Council","heritage_status":null,"area_of_seismic_risk":"Medium","notice_count":1,"remediated":false,"approximate":false}},{"type":"Feature","geometry":{"type":"Point","coordinates":[175.2845153,-37.7885206]},"properties":{"address":"222 Victoria Street, Hamilton Central, Hamilton","suburb":"Hamilton Central","city":"Hamilton","common_names":null,"notice_type":"EPB notice","date_of_issue":"23/10/2025","earthquake_rating":"Not determined","seismic_work_deadline":"16/05/2039","priority_building":true,"notice_issued_by":"Hamilton City Council","heritage_status":null,"area_of_seismic_risk":"Medium","notice_count":1,"remediated":false,"approximate":false}},{"type":"Feature","geometry":{"type":"Point","coordinates":[175.263198,-37.7882146]},"properties":{"address":"62 High Street, Frankton, Hamilton","suburb":"Frankton","city":"Hamilton","common_names":null,"notice_type":"EPB notice","date_of_issue":"23/10/2025","earthquake_rating":"Not determined","seismic_work_deadline":"16/05/2039","priority_building":true,"notice_issued_by":"Hamilton City Council","heritage_status":null,"area_of_seismic_risk":"Medium","notice_count":1,"remediated":false,"approximate":false}},{"type":"Feature","geometry":{"type":"Point","coordinates":[175.2649332,-37.7880895]},"properties":{"address":"175 Commerce Street, Frankton, Hamilton","suburb":"Frankton","city":"Hamilton","common_names":null,"notice_type":"EPB notice","date_of_issue":"23/10/2025","earthquake_rating":"Not determined","seismic_work_deadline":"16/05/2039","priority_building":true,"notice_issued_by":"Hamilton City Council","heritage_status":null,"area_of_seismic_risk":"Medium","notice_count":1,"remediated":false,"approximate":false}},{"type":"Feature","geometry":{"type":"Point","coordinates":[175.2658805,-37.7869104]},"properties":{"address":"108 Commerce Street, Frankton, Hamilton","suburb":"Frankton","city":"Hamilton","common_names":null,"notice_type":"EPB notice","date_of_issue":"23/10/2025","earthquake_rating":"Not determined","seismic_work_deadline":"16/05/2039","priority_building":true,"notice_issued_by":"Hamilton City Council","heritage_status":null,"area_of_seismic_risk":"Medium","notice_count":1,"remediated":false,"approximate":false}},{"type":"Feature","geometry":{"type":"Point","coordinates":[175.2809287,-37.7845589]},"properties":{"address":"540 Victoria Street, Hamilton Central, Hamilton","suburb":"Hamilton Central","city":"Hamilton","common_names":null,"notice_type":"EPB notice","date_of_issue":"23/10/2025","earthquake_rating":"Not determined","seismic_work_deadline":"16/05/2039","priority_building":true,"notice_issued_by":"Hamilton City Council","heritage_status":null,"area_of_seismic_risk":"Medium","notice_count":1,"remediated":false,"approximate":false}},{"type":"Feature","geometry":{"type":"Point","coordinates":[175.2688103,-37.7643225]},"properties":{"address":"660 River Road, Chartwell, Hamilton","suburb":"Chartwell","city":"Hamilton","common_names":"Cherrington House","notice_type":"EPB notice","date_of_issue":"23/10/2025","earthquake_rating":"Not determined","seismic_work_deadline":"09/05/2039","priority_building":false,"notice_issued_by":"Hamilton City Council","heritage_status":null,"area_of_seismic_risk":"Medium","notice_count":1,"remediated":false,"approximate":false}},{"type":"Feature","geometry":{"type":"Point","coordinates":[175.2830415,-37.7891757]},"properties":{"address":"60 Alexandra Street, Hamilton Central, Hamilton","suburb":"Hamilton Central","city":"Hamilton","common_names":null,"notice_type":"EPB notice","date_of_issue":"23/10/2025","earthquake_rating":"20% to less than 34%","seismic_work_deadline":"01/05/2039","priority_building":true,"notice_issued_by":"Hamilton City Council","heritage_status":null,"area_of_seismic_risk":"Medium","notice_count":1,"remediated":false,"approximate":false}},{"type":"Feature","geometry":{"type":"Point","coordinates":[175.2808311,-37.7981704]},"properties":{"address":"Ruakiwi Road, Hamilton Central, Hamilton","suburb":"Hamilton Central","city":"Hamilton","common_names":"Hamilton Girls High School Gymnasium","notice_type":"EPB notice","date_of_issue":"23/10/2025","earthquake_rating":"20% to less than 34%","seismic_work_deadline":"01/05/2039","priority_building":true,"notice_issued_by":"Hamilton City Council","heritage_status":null,"area_of_seismic_risk":"Medium","notice_count":1,"remediated":false,"approximate":true}},{"type":"Feature","geometry":{"type":"Point","coordinates":[175.2929801,-37.7936085]},"properties":{"address":"3 B Cook Street, Hamilton East, Hamilton","suburb":"Hamilton East","city":"Hamilton","common_names":null,"notice_type":"EPB notice","date_of_issue":"23/10/2025","earthquake_rating":"20% to less than 34%","seismic_work_deadline":"01/05/2039","priority_building":true,"notice_issued_by":"Hamilton City Council","heritage_status":null,"area_of_seismic_risk":"Medium","notice_count":1,"remediated":false,"approximate":false}},{"type":"Feature","geometry":{"type":"Point","coordinates":[175.2931275,-37.7934603]},"properties":{"address":"359 Grey Street, Hamilton East, Hamilton","suburb":"Hamilton East","city":"Hamilton","common_names":null,"notice_type":"EPB notice","date_of_issue":"23/10/2025","earthquake_rating":"20% to less than 34%","seismic_work_deadline":"01/05/2039","priority_building":true,"notice_issued_by":"Hamilton City Council","heritage_status":null,"area_of_seismic_risk":"Medium","notice_count":1,"remediated":false,"approximate":false}},{"type":"Feature","geometry":{"type":"Point","coordinates":[175.277573,-37.7882847]},"properties":{"address":"139 Ward Street, Hamilton Central, Hamilton","suburb":"Hamilton Central","city":"Hamilton","common_names":null,"notice_type":"EPB notice","date_of_issue":"23/10/2025","earthquake_rating":"20% to less than 34%","seismic_work_deadline":"01/05/2039","priority_building":true,"notice_issued_by":"Hamilton City Council","heritage_status":null,"area_of_seismic_risk":"Medium","notice_count":1,"remediated":false,"approximate":true}},{"type":"Feature","geometry":{"type":"Point","coordinates":[175.2564497,-37.7873798]},"properties":{"address":"7 Edgar Street, Frankton, Hamilton","suburb":"Frankton","city":"Hamilton","common_names":null,"notice_type":"EPB notice","date_of_issue":"23/10/2025","earthquake_rating":"20% to less than 34%","seismic_work_deadline":"01/05/2039","priority_building":true,"notice_issued_by":"Hamilton City Council","heritage_status":null,"area_of_seismic_risk":"Medium","notice_count":1,"remediated":false,"approximate":false}},{"type":"Feature","geometry":{"type":"Point","coordinates":[175.2785351,-37.787999]},"properties":{"address":"137 Ward Street, Hamilton Central, Hamilton","suburb":"Hamilton Central","city":"Hamilton","common_names":null,"notice_type":"EPB notice","date_of_issue":"23/10/2025","earthquake_rating":"20% to less than 34%","seismic_work_deadline":"01/05/2039","priority_building":true,"notice_issued_by":"Hamilton City Council","heritage_status":null,"area_of_seismic_risk":"Medium","notice_count":1,"remediated":false,"approximate":false}},{"type":"Feature","geometry":{"type":"Point","coordinates":[175.2814574,-37.7885434]},"properties":{"address":"7 Caro Street, Hamilton Central, Hamilton","suburb":"Hamilton Central","city":"Hamilton","common_names":null,"notice_type":"EPB notice","date_of_issue":"23/10/2025","earthquake_rating":"20% to less than 34%","seismic_work_deadline":"01/05/2039","priority_building":true,"notice_issued_by":"Hamilton City Council","heritage_status":null,"area_of_seismic_risk":"Medium","notice_count":1,"remediated":false,"approximate":false}},{"type":"Feature","geometry":{"type":"Point","coordinates":[175.2650494,-37.7879452]},"properties":{"address":"165 Commerce Street, Frankton, Hamilton","suburb":"Frankton","city":"Hamilton","common_names":null,"notice_type":"EPB notice","date_of_issue":"23/10/2025","earthquake_rating":"20% to less than 34%","seismic_work_deadline":"01/05/2039","priority_building":true,"notice_issued_by":"Hamilton City Council","heritage_status":null,"area_of_seismic_risk":"Medium","notice_count":1,"remediated":false,"approximate":false}},{"type":"Feature","geometry":{"type":"Point","coordinates":[175.2787622,-37.7822633]},"properties":{"address":"742 Victoria Street, Hamilton Central, Hamilton","suburb":"Hamilton Central","city":"Hamilton","common_names":null,"notice_type":"EPB notice","date_of_issue":"23/10/2025","earthquake_rating":"20% to less than 34%","seismic_work_deadline":"01/05/2039","priority_building":true,"notice_issued_by":"Hamilton City Council","heritage_status":null,"area_of_seismic_risk":"Medium","notice_count":1,"remediated":false,"approximate":false}},{"type":"Feature","geometry":{"type":"Point","coordinates":[175.277573,-37.7882847]},"properties":{"address":"140 Ward Street, Hamilton Central, Hamilton","suburb":"Hamilton Central","city":"Hamilton","common_names":null,"notice_type":"EPB notice","date_of_issue":"23/10/2025","earthquake_rating":"20% to less than 34%","seismic_work_deadline":"01/05/2039","priority_building":true,"notice_issued_by":"Hamilton City Council","heritage_status":null,"area_of_seismic_risk":"Medium","notice_count":1,"remediated":false,"approximate":true}},{"type":"Feature","geometry":{"type":"Point","coordinates":[175.2782357,-37.7876398]},"properties":{"address":"136 Ward Street, Hamilton Central, Hamilton","suburb":"Hamilton Central","city":"Hamilton","common_names":null,"notice_type":"EPB notice","date_of_issue":"23/10/2025","earthquake_rating":"20% to less than 34%","seismic_work_deadline":"01/05/2039","priority_building":true,"notice_issued_by":"Hamilton City Council","heritage_status":null,"area_of_seismic_risk":"Medium","notice_count":1,"remediated":false,"approximate":false}},{"type":"Feature","geometry":{"type":"Point","coordinates":[175.2776741,-37.7817299]},"properties":{"address":"803 Victoria Street, Hamilton Central, Hamilton","suburb":"Hamilton Central","city":"Hamilton","common_names":null,"notice_type":"EPB notice","date_of_issue":"23/10/2025","earthquake_rating":"20% to less than 34%","seismic_work_deadline":"01/05/2039","priority_building":true,"notice_issued_by":"Hamilton City Council","heritage_status":null,"area_of_seismic_risk":"Medium","notice_count":1,"remediated":false,"approximate":false}},{"type":"Feature","geometry":{"type":"Point","coordinates":[175.2811575,-37.7968]},"properties":{"address":"45 Pembroke Street, Hamilton Lake, Hamilton","suburb":"Hamilton Lake","city":"Hamilton","common_names":null,"notice_type":"EPB notice","date_of_issue":"23/10/2025","earthquake_rating":"20% to less than 34%","seismic_work_deadline":"31/10/2051","priority_building":true,"notice_issued_by":"Hamilton City Council","heritage_status":null,"area_of_seismic_risk":"Medium","notice_count":1,"remediated":false,"approximate":false}},{"type":"Feature","geometry":{"type":"Point","coordinates":[175.2657393,-37.7863189]},"properties":{"address":"41 Lake Road, Frankton, Hamilton","suburb":"Frankton","city":"Hamilton","common_names":null,"notice_type":"EPB notice","date_of_issue":"27/08/2025","earthquake_rating":"20% to less than 34%","seismic_work_deadline":"01/05/2039","priority_building":true,"notice_issued_by":"Hamilton City Council","heritage_status":null,"area_of_seismic_risk":"Medium","notice_count":1,"remediated":false,"approximate":false}},{"type":"Feature","geometry":{"type":"Point","coordinates":[175.2675812,-37.7861536]},"properties":{"address":"53 Commerce Street, Frankton, Hamilton","suburb":"Frankton","city":"Hamilton","common_names":null,"notice_type":"EPB notice","date_of_issue":"27/08/2025","earthquake_rating":"20% to less than 34%","seismic_work_deadline":"01/05/2039","priority_building":true,"notice_issued_by":"Hamilton City Council","heritage_status":null,"area_of_seismic_risk":"Medium","notice_count":1,"remediated":false,"approximate":false}},{"type":"Feature","geometry":{"type":"Point","coordinates":[175.2675874,-37.7852391]},"properties":{"address":"32 Commerce Street, Frankton, Hamilton","suburb":"Frankton","city":"Hamilton","common_names":null,"notice_type":"EPB notice","date_of_issue":"27/08/2025","earthquake_rating":"20% to less than 34%","seismic_work_deadline":"01/05/2039","priority_building":true,"notice_issued_by":"Hamilton City Council","heritage_status":null,"area_of_seismic_risk":"Medium","notice_count":1,"remediated":false,"approximate":false}},{"type":"Feature","geometry":{"type":"Point","coordinates":[175.2642068,-37.7883211]},"properties":{"address":"212 Commerce Street, Frankton, Hamilton","suburb":"Frankton","city":"Hamilton","common_names":null,"notice_type":"EPB notice","date_of_issue":"27/08/2025","earthquake_rating":"20% to less than 34%","seismic_work_deadline":"01/05/2039","priority_building":true,"notice_issued_by":"Hamilton City Council","heritage_status":null,"area_of_seismic_risk":"Medium","notice_count":1,"remediated":false,"approximate":false}},{"type":"Feature","geometry":{"type":"Point","coordinates":[175.2644938,-37.788411]},"properties":{"address":"201 Commerce Street, Frankton, Hamilton","suburb":"Frankton","city":"Hamilton","common_names":null,"notice_type":"EPB notice","date_of_issue":"27/08/2025","earthquake_rating":"20% to less than 34%","seismic_work_deadline":"01/05/2039","priority_building":true,"notice_issued_by":"Hamilton City Council","heritage_status":null,"area_of_seismic_risk":"Medium","notice_count":1,"remediated":false,"approximate":false}},{"type":"Feature","geometry":{"type":"Point","coordinates":[175.2941421,-37.782256]},"properties":{"address":"5 Argyle Street, Hamilton East, Hamilton","suburb":"Hamilton East","city":"Hamilton","common_names":null,"notice_type":"EPB notice","date_of_issue":"27/08/2025","earthquake_rating":"20% to less than 34%","seismic_work_deadline":"01/05/2039","priority_building":true,"notice_issued_by":"Hamilton City Council","heritage_status":null,"area_of_seismic_risk":"Medium","notice_count":1,"remediated":false,"approximate":false}},{"type":"Feature","geometry":{"type":"Point","coordinates":[175.2763968,-37.7843457]},"properties":{"address":"441 Anglesea Street, Hamilton Central, Hamilton","suburb":"Hamilton Central","city":"Hamilton","common_names":null,"notice_type":"EPB notice","date_of_issue":"27/08/2025","earthquake_rating":"20% to less than 34%","seismic_work_deadline":"01/05/2039","priority_building":true,"notice_issued_by":"Hamilton City Council","heritage_status":null,"area_of_seismic_risk":"Medium","notice_count":1,"remediated":false,"approximate":false}},{"type":"Feature","geometry":{"type":"Point","coordinates":[175.2774303,-37.7840509]},"properties":{"address":"94 London Street, Hamilton Central, Hamilton","suburb":"Hamilton Central","city":"Hamilton","common_names":null,"notice_type":"EPB notice","date_of_issue":"27/08/2025","earthquake_rating":"20% to less than 34%","seismic_work_deadline":"01/05/2039","priority_building":true,"notice_issued_by":"Hamilton City Council","heritage_status":null,"area_of_seismic_risk":"Medium","notice_count":1,"remediated":false,"approximate":false}},{"type":"Feature","geometry":{"type":"Point","coordinates":[175.2934009,-37.7942376]},"properties":{"address":"319 Grey Street, Hamilton East, Hamilton","suburb":"Hamilton East","city":"Hamilton","common_names":null,"notice_type":"EPB notice","date_of_issue":"27/08/2025","earthquake_rating":"20% to less than 34%","seismic_work_deadline":"01/05/2039","priority_building":true,"notice_issued_by":"Hamilton City Council","heritage_status":null,"area_of_seismic_risk":"Medium","notice_count":1,"remediated":false,"approximate":false}},{"type":"Feature","geometry":{"type":"Point","coordinates":[175.2836145,-37.7885897]},"properties":{"address":"7 Collingwood Street, Hamilton Central, Hamilton","suburb":"Hamilton Central","city":"Hamilton","common_names":null,"notice_type":"EPB notice","date_of_issue":"18/08/2025","earthquake_rating":"0% to less than 20%","seismic_work_deadline":"25/04/2039","priority_building":true,"notice_issued_by":"Hamilton City Council","heritage_status":null,"area_of_seismic_risk":"Medium","notice_count":1,"remediated":false,"approximate":false}},{"type":"Feature","geometry":{"type":"Point","coordinates":[175.2929984,-37.7930649]},"properties":{"address":"379 Grey Street, Hamilton East, Hamilton","suburb":"Hamilton East","city":"Hamilton","common_names":null,"notice_type":"EPB notice","date_of_issue":"18/08/2025","earthquake_rating":"0% to less than 20%","seismic_work_deadline":"25/04/2039","priority_building":true,"notice_issued_by":"Hamilton City Council","heritage_status":null,"area_of_seismic_risk":"Medium","notice_count":1,"remediated":false,"approximate":false}},{"type":"Feature","geometry":{"type":"Point","coordinates":[175.2939836,-37.7958632]},"properties":{"address":"259 Grey Street, Hamilton East, Hamilton","suburb":"Hamilton East","city":"Hamilton","common_names":null,"notice_type":"EPB notice","date_of_issue":"18/08/2025","earthquake_rating":"0% to less than 20%","seismic_work_deadline":"25/04/2039","priority_building":true,"notice_issued_by":"Hamilton City Council","heritage_status":null,"area_of_seismic_risk":"Medium","notice_count":1,"remediated":false,"approximate":false}},{"type":"Feature","geometry":{"type":"Point","coordinates":[175.2844999,-37.7909096]},"properties":{"address":"29 Hood Street, Hamilton Central, Hamilton","suburb":"Hamilton Central","city":"Hamilton","common_names":null,"notice_type":"EPB notice","date_of_issue":"18/08/2025","earthquake_rating":"0% to less than 20%","seismic_work_deadline":"25/04/2039","priority_building":true,"notice_issued_by":"Hamilton City Council","heritage_status":null,"area_of_seismic_risk":"Medium","notice_count":1,"remediated":false,"approximate":false}},{"type":"Feature","geometry":{"type":"Point","coordinates":[175.2892831,-37.7828737]},"properties":{"address":"699 Grey Street, Hamilton East, Hamilton","suburb":"Hamilton East","city":"Hamilton","common_names":null,"notice_type":"EPB notice","date_of_issue":"18/08/2025","earthquake_rating":"0% to less than 20%","seismic_work_deadline":"25/04/2039","priority_building":true,"notice_issued_by":"Hamilton City Council","heritage_status":null,"area_of_seismic_risk":"Medium","notice_count":1,"remediated":false,"approximate":false}},{"type":"Feature","geometry":{"type":"Point","coordinates":[175.2828863,-37.789007]},"properties":{"address":"27 Collingwood Street, Hamilton Central, Hamilton","suburb":"Hamilton Central","city":"Hamilton","common_names":null,"notice_type":"EPB notice","date_of_issue":"18/08/2025","earthquake_rating":"0% to less than 20%","seismic_work_deadline":"25/04/2039","priority_building":true,"notice_issued_by":"Hamilton City Council","heritage_status":null,"area_of_seismic_risk":"Medium","notice_count":1,"remediated":false,"approximate":false}},{"type":"Feature","geometry":{"type":"Point","coordinates":[175.2645031,-37.7884843]},"properties":{"address":"205 Commerce Street, Frankton, Hamilton","suburb":"Frankton","city":"Hamilton","common_names":null,"notice_type":"EPB notice","date_of_issue":"18/08/2025","earthquake_rating":"0% to less than 20%","seismic_work_deadline":"25/04/2039","priority_building":true,"notice_issued_by":"Hamilton City Council","heritage_status":null,"area_of_seismic_risk":"Medium","notice_count":1,"remediated":false,"approximate":false}},{"type":"Feature","geometry":{"type":"Point","coordinates":[175.2623027,-37.7861149]},"properties":{"address":"120 Kent Street, Frankton, Hamilton","suburb":"Frankton","city":"Hamilton","common_names":null,"notice_type":"EPB notice","date_of_issue":"18/08/2025","earthquake_rating":"0% to less than 20%","seismic_work_deadline":"25/04/2039","priority_building":true,"notice_issued_by":"Hamilton City Council","heritage_status":null,"area_of_seismic_risk":"Medium","notice_count":1,"remediated":false,"approximate":false}},{"type":"Feature","geometry":{"type":"Point","coordinates":[175.2794942,-37.7837275]},"properties":{"address":"641 Victoria Street, Hamilton Central, Hamilton","suburb":"Hamilton Central","city":"Hamilton","common_names":null,"notice_type":"EPB notice","date_of_issue":"18/08/2025","earthquake_rating":"0% to less than 20%","seismic_work_deadline":"25/04/2039","priority_building":true,"notice_issued_by":"Hamilton City Council","heritage_status":null,"area_of_seismic_risk":"Medium","notice_count":1,"remediated":false,"approximate":false}},{"type":"Feature","geometry":{"type":"Point","coordinates":[175.2929647,-37.7929786]},"properties":{"address":"381 Grey Street, Hamilton East, Hamilton","suburb":"Hamilton East","city":"Hamilton","common_names":null,"notice_type":"EPB notice","date_of_issue":"18/08/2025","earthquake_rating":"0% to less than 20%","seismic_work_deadline":"25/04/2039","priority_building":true,"notice_issued_by":"Hamilton City Council","heritage_status":null,"area_of_seismic_risk":"Medium","notice_count":1,"remediated":false,"approximate":false}},{"type":"Feature","geometry":{"type":"Point","coordinates":[175.286007,-37.7903588]},"properties":{"address":"170 Victoria Street, Hamilton Central, Hamilton","suburb":"Hamilton Central","city":"Hamilton","common_names":null,"notice_type":"EPB notice","date_of_issue":"18/08/2025","earthquake_rating":"0% to less than 20%","seismic_work_deadline":"25/04/2039","priority_building":true,"notice_issued_by":"Hamilton City Council","heritage_status":null,"area_of_seismic_risk":"Medium","notice_count":1,"remediated":false,"approximate":true}},{"type":"Feature","geometry":{"type":"Point","coordinates":[175.2827187,-37.7910614]},"properties":{"address":"189 Anglesea Street, Hamilton Central, Hamilton","suburb":"Hamilton Central","city":"Hamilton","common_names":"Hamilton Central Fire Station","notice_type":"EPB notice","date_of_issue":"18/08/2025","earthquake_rating":"0% to less than 20%","seismic_work_deadline":"25/04/2039","priority_building":true,"notice_issued_by":"Hamilton City Council","heritage_status":null,"area_of_seismic_risk":"Medium","notice_count":1,"remediated":false,"approximate":false}},{"type":"Feature","geometry":{"type":"Point","coordinates":[175.0599588,-39.9169689]},"properties":{"address":"70 Moana Street, Whanganui East, Whanganui","suburb":"Whanganui East","city":"Whanganui","common_names":null,"notice_type":"EPB notice","date_of_issue":"17/11/2025","earthquake_rating":"20% to less than 34%","seismic_work_deadline":"17/11/2050","priority_building":false,"notice_issued_by":"Whanganui District Council","heritage_status":null,"area_of_seismic_risk":"Medium","notice_count":1,"remediated":false,"approximate":false}},{"type":"Feature","geometry":{"type":"Point","coordinates":[175.2640265,-37.7877893]},"properties":{"address":"63 Kent Street, Frankton, Hamilton","suburb":"Frankton","city":"Hamilton","common_names":null,"notice_type":"EPB notice","date_of_issue":"18/08/2025","earthquake_rating":"0% to less than 20%","seismic_work_deadline":"25/04/2039","priority_building":true,"notice_issued_by":"Hamilton City Council","heritage_status":null,"area_of_seismic_risk":"Medium","notice_count":1,"remediated":false,"approximate":false}},{"type":"Feature","geometry":{"type":"Point","coordinates":[175.278861,-37.7877062]},"properties":{"address":"125 Ward Street, Hamilton Central, Hamilton","suburb":"Hamilton Central","city":"Hamilton","common_names":null,"notice_type":"EPB notice","date_of_issue":"18/08/2025","earthquake_rating":"0% to less than 20%","seismic_work_deadline":"25/04/2039","priority_building":true,"notice_issued_by":"Hamilton City Council","heritage_status":null,"area_of_seismic_risk":"Medium","notice_count":1,"remediated":false,"approximate":false}},{"type":"Feature","geometry":{"type":"Point","coordinates":[170.4198292,-45.8951206]},"properties":{"address":"22 North Taieri Road, Abbotsford, Dunedin","suburb":"Abbotsford","city":"Dunedin","common_names":"Former Truck Shelter","notice_type":"EPB notice","date_of_issue":"26/09/2025","earthquake_rating":"Not determined","seismic_work_deadline":"26/08/2060","priority_building":false,"notice_issued_by":"Dunedin City Council","heritage_status":null,"area_of_seismic_risk":"Low","notice_count":2,"remediated":false,"approximate":false}},{"type":"Feature","geometry":{"type":"Point","coordinates":[170.5096954,-45.8976492]},"properties":{"address":"599 Andersons Bay Road, Musselburgh, Dunedin","suburb":"Musselburgh","city":"Dunedin","common_names":null,"notice_type":"EPB notice","date_of_issue":"26/09/2025","earthquake_rating":"Not determined","seismic_work_deadline":"23/08/2060","priority_building":false,"notice_issued_by":"Dunedin City Council","heritage_status":null,"area_of_seismic_risk":"Low","notice_count":1,"remediated":false,"approximate":false}},{"type":"Feature","geometry":{"type":"Point","coordinates":[170.6217434,-45.8158052]},"properties":{"address":"15 George Street, Port Chalmers","suburb":null,"city":"Port Chalmers","common_names":null,"notice_type":"EPB notice","date_of_issue":"25/09/2025","earthquake_rating":"Not determined","seismic_work_deadline":"19/08/2060","priority_building":false,"notice_issued_by":"Dunedin City Council","heritage_status":"Scheduled by the TA","area_of_seismic_risk":"Low","notice_count":1,"remediated":false,"approximate":false}},{"type":"Feature","geometry":{"type":"Point","coordinates":[170.5124071,-45.9031009]},"properties":{"address":"20 Marlow Street, Saint Kilda, Dunedin","suburb":"Saint Kilda","city":"Dunedin","common_names":null,"notice_type":"EPB notice","date_of_issue":"26/09/2025","earthquake_rating":"Not determined","seismic_work_deadline":"23/08/2060","priority_building":false,"notice_issued_by":"Dunedin City Council","heritage_status":null,"area_of_seismic_risk":"Low","notice_count":1,"remediated":false,"approximate":false}},{"type":"Feature","geometry":{"type":"Point","coordinates":[174.7790723,-41.2949822]},"properties":{"address":"9 Ebor Street, Te Aro, Wellington","suburb":"Te Aro","city":"Wellington","common_names":"Mendoza Terraces, Building A, Ford Motor Company Workshop Wall","notice_type":"EPB notice","date_of_issue":"25/11/2024","earthquake_rating":"Not determined","seismic_work_deadline":"27/10/2041","priority_building":false,"notice_issued_by":"Wellington City Council","heritage_status":"Historic place category 2","area_of_seismic_risk":"High","notice_count":1,"remediated":true,"approximate":false}},{"type":"Feature","geometry":{"type":"Point","coordinates":[174.7857419,-41.298453]},"properties":{"address":"66 Pirie Street, Mt Victoria, Wellington","suburb":"Mt Victoria","city":"Wellington","common_names":null,"notice_type":"EPB notice","date_of_issue":"25/11/2024","earthquake_rating":"Not determined","seismic_work_deadline":"17/12/2039","priority_building":false,"notice_issued_by":"Wellington City Council","heritage_status":null,"area_of_seismic_risk":"High","notice_count":1,"remediated":true,"approximate":false}},{"type":"Feature","geometry":{"type":"Point","coordinates":[173.2677608,-41.2645044]},"properties":{"address":"300 Wakefield Quay, Stepneyville, Nelson","suburb":"Stepneyville","city":"Nelson","common_names":"NCC Electricity Department Building","notice_type":"EPB notice","date_of_issue":"21/11/2025","earthquake_rating":"20% to less than 34%","seismic_work_deadline":"05/09/2038","priority_building":false,"notice_issued_by":"Nelson City Council","heritage_status":"Scheduled by the TA","area_of_seismic_risk":"Medium","notice_count":1,"remediated":false,"approximate":false}},{"type":"Feature","geometry":{"type":"Point","coordinates":[174.7721344,-41.2891813]},"properties":{"address":"243 The Terrace, Te Aro, Wellington","suburb":"Te Aro","city":"Wellington","common_names":"Carlton Flats","notice_type":"EPB notice","date_of_issue":"25/11/2024","earthquake_rating":"20% to less than 34%","seismic_work_deadline":"04/09/2039","priority_building":false,"notice_issued_by":"Wellington City Council","heritage_status":null,"area_of_seismic_risk":"High","notice_count":1,"remediated":true,"approximate":false}},{"type":"Feature","geometry":{"type":"Point","coordinates":[174.7635943,-41.3088097]},"properties":{"address":"37 Taft Street, Brooklyn, Wellington","suburb":"Brooklyn","city":"Wellington","common_names":"St Bernards Catholic Church, Building A, Church","notice_type":"EPB notice","date_of_issue":"25/11/2024","earthquake_rating":"20% to less than 34%","seismic_work_deadline":"19/09/2033","priority_building":false,"notice_issued_by":"Wellington City Council","heritage_status":null,"area_of_seismic_risk":"High","notice_count":1,"remediated":true,"approximate":false}},{"type":"Feature","geometry":{"type":"Point","coordinates":[174.8112464,-41.3253622]},"properties":{"address":"386 Broadway, Miramar, Wellington","suburb":"Miramar","city":"Wellington","common_names":"AKA 386-388 Broadway","notice_type":"EPB notice","date_of_issue":"25/11/2024","earthquake_rating":"20% to less than 34%","seismic_work_deadline":"27/04/2030","priority_building":false,"notice_issued_by":"Wellington City Council","heritage_status":null,"area_of_seismic_risk":"High","notice_count":1,"remediated":true,"approximate":true}},{"type":"Feature","geometry":{"type":"Point","coordinates":[174.7753541,-41.2930496]},"properties":{"address":"58 Ghuznee Street, Te Aro, Wellington","suburb":"Te Aro","city":"Wellington","common_names":"Building A, Front","notice_type":"EPB notice","date_of_issue":"25/11/2024","earthquake_rating":"0% to less than 20%","seismic_work_deadline":"26/04/2029","priority_building":false,"notice_issued_by":"Wellington City Council","heritage_status":"Scheduled by the TA","area_of_seismic_risk":"High","notice_count":1,"remediated":true,"approximate":false}},{"type":"Feature","geometry":{"type":"Point","coordinates":[174.7817265,-41.3140803]},"properties":{"address":"24 Newtown Avenue, Newtown, Wellington","suburb":"Newtown","city":"Wellington","common_names":null,"notice_type":"EPB notice","date_of_issue":"25/11/2024","earthquake_rating":"20% to less than 34%","seismic_work_deadline":"07/09/2031","priority_building":false,"notice_issued_by":"Wellington City Council","heritage_status":null,"area_of_seismic_risk":"High","notice_count":1,"remediated":true,"approximate":false}},{"type":"Feature","geometry":{"type":"Point","coordinates":[174.7808011,-41.3161258]},"properties":{"address":"249 Riddiford Street, Newtown, Wellington","suburb":"Newtown","city":"Wellington","common_names":"AKA 249-251 Riddiford Street","notice_type":"EPB notice","date_of_issue":"25/11/2024","earthquake_rating":"20% to less than 34%","seismic_work_deadline":"27/07/2031","priority_building":false,"notice_issued_by":"Wellington City Council","heritage_status":null,"area_of_seismic_risk":"High","notice_count":1,"remediated":true,"approximate":false}},{"type":"Feature","geometry":{"type":"Point","coordinates":[174.7736093,-41.3344641]},"properties":{"address":"135 The Parade, Island Bay, Wellington","suburb":"Island Bay","city":"Wellington","common_names":null,"notice_type":"EPB notice","date_of_issue":"25/11/2024","earthquake_rating":"0% to less than 20%","seismic_work_deadline":"31/05/2032","priority_building":false,"notice_issued_by":"Wellington City Council","heritage_status":"Scheduled by the TA","area_of_seismic_risk":"High","notice_count":1,"remediated":true,"approximate":false}},{"type":"Feature","geometry":{"type":"Point","coordinates":[174.7651716,-41.3048614]},"properties":{"address":"28 Cleveland Street, Brooklyn, Wellington","suburb":"Brooklyn","city":"Wellington","common_names":"Building A, Corner Cleveland & Jefferson Street","notice_type":"EPB notice","date_of_issue":"25/11/2024","earthquake_rating":"20% to less than 34%","seismic_work_deadline":"16/01/2034","priority_building":false,"notice_issued_by":"Wellington City Council","heritage_status":null,"area_of_seismic_risk":"High","notice_count":1,"remediated":true,"approximate":false}},{"type":"Feature","geometry":{"type":"Point","coordinates":[174.7936573,-41.3177583]},"properties":{"address":"2 Rongotai Road, Kilbirnie, Wellington","suburb":"Kilbirnie","city":"Wellington","common_names":null,"notice_type":"EPB notice","date_of_issue":"25/11/2024","earthquake_rating":"20% to less than 34%","seismic_work_deadline":"16/05/2033","priority_building":false,"notice_issued_by":"Wellington City Council","heritage_status":null,"area_of_seismic_risk":"High","notice_count":1,"remediated":true,"approximate":false}},{"type":"Feature","geometry":{"type":"Point","coordinates":[174.7783261,-41.3092684]},"properties":{"address":"44 Riddiford Street, Newtown, Wellington","suburb":"Newtown","city":"Wellington","common_names":null,"notice_type":"EPB notice","date_of_issue":"25/11/2024","earthquake_rating":"0% to less than 20%","seismic_work_deadline":"24/05/2029","priority_building":true,"notice_issued_by":"Wellington City Council","heritage_status":null,"area_of_seismic_risk":"High","notice_count":1,"remediated":true,"approximate":false}},{"type":"Feature","geometry":{"type":"Point","coordinates":[174.7731705,-41.2975468]},"properties":{"address":"290 Cuba Street, Te Aro, Wellington","suburb":"Te Aro","city":"Wellington","common_names":"Turning Point","notice_type":"EPB notice","date_of_issue":"25/11/2024","earthquake_rating":"20% to less than 34%","seismic_work_deadline":"30/06/2030","priority_building":false,"notice_issued_by":"Wellington City Council","heritage_status":"Historic place category 2","area_of_seismic_risk":"High","notice_count":1,"remediated":true,"approximate":false}},{"type":"Feature","geometry":{"type":"Point","coordinates":[174.8203768,-41.2249141]},"properties":{"address":"192 Newlands Road, Newlands, Wellington","suburb":"Newlands","city":"Wellington","common_names":"St Michael and All Angels Church","notice_type":"EPB notice","date_of_issue":"25/11/2024","earthquake_rating":"0% to less than 20%","seismic_work_deadline":"19/09/2033","priority_building":false,"notice_issued_by":"Wellington City Council","heritage_status":null,"area_of_seismic_risk":"High","notice_count":1,"remediated":true,"approximate":false}},{"type":"Feature","geometry":{"type":"Point","coordinates":[174.7725807,-41.2509406]},"properties":{"address":"3 Waikowhai Street, Ngaio, Wellington","suburb":"Ngaio","city":"Wellington","common_names":"Ngaio Tennis Club","notice_type":"EPB notice","date_of_issue":"25/11/2024","earthquake_rating":"20% to less than 34%","seismic_work_deadline":"26/06/2036","priority_building":false,"notice_issued_by":"Wellington City Council","heritage_status":null,"area_of_seismic_risk":"High","notice_count":1,"remediated":true,"approximate":false}},{"type":"Feature","geometry":{"type":"Point","coordinates":[174.779901,-41.313333]},"properties":{"address":"171 Riddiford Street, Newtown, Wellington","suburb":"Newtown","city":"Wellington","common_names":null,"notice_type":"EPB notice","date_of_issue":"25/11/2024","earthquake_rating":"0% to less than 20%","seismic_work_deadline":"04/12/2030","priority_building":true,"notice_issued_by":"Wellington City Council","heritage_status":"Scheduled by the TA","area_of_seismic_risk":"High","notice_count":1,"remediated":true,"approximate":false}},{"type":"Feature","geometry":{"type":"Point","coordinates":[174.8413488,-36.9415018]},"properties":{"address":"220 Great South Road, Otahuhu, Auckland","suburb":"Otahuhu","city":"Auckland","common_names":null,"notice_type":"EPB notice","date_of_issue":"16/03/2020","earthquake_rating":"20% to less than 34%","seismic_work_deadline":"16/03/2055","priority_building":false,"notice_issued_by":"Auckland Council","heritage_status":null,"area_of_seismic_risk":"Low","notice_count":1,"remediated":true,"approximate":false}},{"type":"Feature","geometry":{"type":"Point","coordinates":[175.0523959,-39.932475]},"properties":{"address":"1 Maria Place, Whanganui","suburb":null,"city":"Whanganui","common_names":null,"notice_type":"EPB notice","date_of_issue":"03/11/2025","earthquake_rating":"Not determined","seismic_work_deadline":"03/11/2050","priority_building":false,"notice_issued_by":"Whanganui District Council","heritage_status":null,"area_of_seismic_risk":"Medium","notice_count":1,"remediated":false,"approximate":false}},{"type":"Feature","geometry":{"type":"Point","coordinates":[173.2776752,-41.2748782]},"properties":{"address":"50 Gloucester Street, Nelson","suburb":null,"city":"Nelson","common_names":"Post Boy Hotel","notice_type":"EPB notice","date_of_issue":"12/11/2025","earthquake_rating":"Not determined","seismic_work_deadline":"03/12/2036","priority_building":true,"notice_issued_by":"Nelson City Council","heritage_status":null,"area_of_seismic_risk":"Medium","notice_count":1,"remediated":false,"approximate":false}},{"type":"Feature","geometry":{"type":"Point","coordinates":[174.7447706,-36.966291]},"properties":{"address":"600 Island Road, Mangere Bridge, Auckland","suburb":"Mangere Bridge","city":"Auckland","common_names":null,"notice_type":"EPB notice","date_of_issue":"29/10/2025","earthquake_rating":"20% to less than 34%","seismic_work_deadline":"29/10/2060","priority_building":false,"notice_issued_by":"Auckland Council","heritage_status":"Scheduled by the TA","area_of_seismic_risk":"Low","notice_count":1,"remediated":false,"approximate":false}},{"type":"Feature","geometry":{"type":"Point","coordinates":[172.5542491,-43.5405671]},"properties":{"address":"3 Alloy Street, Sockburn, Christchurch","suburb":"Sockburn","city":"Christchurch","common_names":null,"notice_type":"EPB notice","date_of_issue":"01/03/2023","earthquake_rating":"0% to less than 20%","seismic_work_deadline":"01/03/2042","priority_building":false,"notice_issued_by":"Christchurch City Council","heritage_status":null,"area_of_seismic_risk":"High","notice_count":1,"remediated":true,"approximate":false}},{"type":"Feature","geometry":{"type":"Point","coordinates":[170.3671996,-45.8610954]},"properties":{"address":"66 Stedman Road, Mosgiel","suburb":null,"city":"Mosgiel","common_names":"Water Tank","notice_type":"EPB notice","date_of_issue":"05/08/2025","earthquake_rating":"Not determined","seismic_work_deadline":"18/07/2060","priority_building":false,"notice_issued_by":"Dunedin City Council","heritage_status":null,"area_of_seismic_risk":"Low","notice_count":4,"remediated":false,"approximate":false}},{"type":"Feature","geometry":{"type":"Point","coordinates":[170.3256779,-45.8660088]},"properties":{"address":"120 Dukes Road South, Mosgiel","suburb":null,"city":"Mosgiel","common_names":null,"notice_type":"EPB notice","date_of_issue":"05/08/2025","earthquake_rating":"Not determined","seismic_work_deadline":"25/07/2060","priority_building":false,"notice_issued_by":"Dunedin City Council","heritage_status":null,"area_of_seismic_risk":"Low","notice_count":1,"remediated":false,"approximate":false}},{"type":"Feature","geometry":{"type":"Point","coordinates":[170.5141634,-45.8697343]},"properties":{"address":"155 Frederick Street, North Dunedin, Dunedin","suburb":"North Dunedin","city":"Dunedin","common_names":null,"notice_type":"EPB notice","date_of_issue":"18/06/2024","earthquake_rating":"Not determined","seismic_work_deadline":"02/05/2059","priority_building":false,"notice_issued_by":"Dunedin City Council","heritage_status":null,"area_of_seismic_risk":"Low","notice_count":1,"remediated":true,"approximate":false}},{"type":"Feature","geometry":{"type":"Point","coordinates":[174.7733008,-41.2972774]},"properties":{"address":"280 Cuba Street, Te Aro, Wellington","suburb":"Te Aro","city":"Wellington","common_names":null,"notice_type":"EPB notice","date_of_issue":"24/05/2019","earthquake_rating":"Not determined","seismic_work_deadline":"23/11/2013","priority_building":false,"notice_issued_by":"Wellington City Council","heritage_status":"Scheduled by the TA","area_of_seismic_risk":"High","notice_count":1,"remediated":true,"approximate":false}},{"type":"Feature","geometry":{"type":"Point","coordinates":[171.2535487,-44.3960373]},"properties":{"address":"195 Stafford Street, Timaru","suburb":null,"city":"Timaru","common_names":null,"notice_type":"EPB notice","date_of_issue":"02/02/2021","earthquake_rating":"Not determined","seismic_work_deadline":"05/07/2033","priority_building":true,"notice_issued_by":"Timaru District Council","heritage_status":null,"area_of_seismic_risk":"Medium","notice_count":1,"remediated":true,"approximate":false}},{"type":"Feature","geometry":{"type":"Point","coordinates":[175.262896,-37.7864008]},"properties":{"address":"102 Kent Street, Frankton, Hamilton","suburb":"Frankton","city":"Hamilton","common_names":null,"notice_type":"EPB notice","date_of_issue":"18/08/2025","earthquake_rating":"0% to less than 20%","seismic_work_deadline":"25/04/2039","priority_building":true,"notice_issued_by":"Hamilton City Council","heritage_status":null,"area_of_seismic_risk":"Medium","notice_count":1,"remediated":false,"approximate":false}},{"type":"Feature","geometry":{"type":"Point","coordinates":[175.262571,-37.7878513]},"properties":{"address":"82 High Street, Frankton, Hamilton","suburb":"Frankton","city":"Hamilton","common_names":null,"notice_type":"EPB notice","date_of_issue":"18/08/2025","earthquake_rating":"0% to less than 20%","seismic_work_deadline":"25/04/2039","priority_building":true,"notice_issued_by":"Hamilton City Council","heritage_status":null,"area_of_seismic_risk":"Medium","notice_count":1,"remediated":false,"approximate":false}},{"type":"Feature","geometry":{"type":"Point","coordinates":[175.293791,-37.7951046]},"properties":{"address":"285 Grey Street, Hamilton East, Hamilton","suburb":"Hamilton East","city":"Hamilton","common_names":null,"notice_type":"EPB notice","date_of_issue":"18/08/2025","earthquake_rating":"0% to less than 20%","seismic_work_deadline":"25/04/2039","priority_building":true,"notice_issued_by":"Hamilton City Council","heritage_status":null,"area_of_seismic_risk":"Medium","notice_count":1,"remediated":false,"approximate":false}},{"type":"Feature","geometry":{"type":"Point","coordinates":[175.2670815,-37.786456]},"properties":{"address":"71 Commerce Street, Frankton, Hamilton","suburb":"Frankton","city":"Hamilton","common_names":null,"notice_type":"EPB notice","date_of_issue":"18/08/2025","earthquake_rating":"20% to less than 34%","seismic_work_deadline":"25/04/2039","priority_building":true,"notice_issued_by":"Hamilton City Council","heritage_status":null,"area_of_seismic_risk":"Medium","notice_count":1,"remediated":false,"approximate":false}},{"type":"Feature","geometry":{"type":"Point","coordinates":[175.2641962,-37.7886515]},"properties":{"address":"223 Commerce Street, Frankton, Hamilton","suburb":"Frankton","city":"Hamilton","common_names":null,"notice_type":"EPB notice","date_of_issue":"18/08/2025","earthquake_rating":"0% to less than 20%","seismic_work_deadline":"25/04/2039","priority_building":true,"notice_issued_by":"Hamilton City Council","heritage_status":null,"area_of_seismic_risk":"Medium","notice_count":1,"remediated":false,"approximate":false}},{"type":"Feature","geometry":{"type":"Point","coordinates":[170.5151158,-45.8761905]},"properties":{"address":"117 Fryatt Street, Dunedin Central, Dunedin","suburb":"Dunedin Central","city":"Dunedin","common_names":null,"notice_type":"EPB notice","date_of_issue":"07/02/2023","earthquake_rating":"20% to less than 34%","seismic_work_deadline":"07/02/2062","priority_building":false,"notice_issued_by":"Dunedin City Council","heritage_status":null,"area_of_seismic_risk":"Low","notice_count":1,"remediated":true,"approximate":false}},{"type":"Feature","geometry":{"type":"Point","coordinates":[175.2649558,-37.788018]},"properties":{"address":"171 Commerce Street, Frankton, Hamilton","suburb":"Frankton","city":"Hamilton","common_names":null,"notice_type":"EPB notice","date_of_issue":"18/08/2025","earthquake_rating":"0% to less than 20%","seismic_work_deadline":"25/04/2039","priority_building":true,"notice_issued_by":"Hamilton City Council","heritage_status":null,"area_of_seismic_risk":"Medium","notice_count":1,"remediated":false,"approximate":false}},{"type":"Feature","geometry":{"type":"Point","coordinates":[175.2809479,-37.7948599]},"properties":{"address":"106 Clarence Street, Hamilton Lake, Hamilton","suburb":"Hamilton Lake","city":"Hamilton","common_names":null,"notice_type":"EPB notice","date_of_issue":"18/08/2025","earthquake_rating":"0% to less than 20%","seismic_work_deadline":"25/04/2039","priority_building":true,"notice_issued_by":"Hamilton City Council","heritage_status":null,"area_of_seismic_risk":"Medium","notice_count":1,"remediated":false,"approximate":false}},{"type":"Feature","geometry":{"type":"Point","coordinates":[175.2824243,-37.785944]},"properties":{"address":"6 Alma Street, Hamilton Central, Hamilton","suburb":"Hamilton Central","city":"Hamilton","common_names":null,"notice_type":"EPB notice","date_of_issue":"18/08/2025","earthquake_rating":"0% to less than 20%","seismic_work_deadline":"25/04/2039","priority_building":true,"notice_issued_by":"Hamilton City Council","heritage_status":null,"area_of_seismic_risk":"Medium","notice_count":1,"remediated":false,"approximate":false}},{"type":"Feature","geometry":{"type":"Point","coordinates":[175.28097,-37.7846746]},"properties":{"address":"530 Victoria Street, Hamilton Central, Hamilton","suburb":"Hamilton Central","city":"Hamilton","common_names":null,"notice_type":"EPB notice","date_of_issue":"18/08/2025","earthquake_rating":"0% to less than 20%","seismic_work_deadline":"25/04/2039","priority_building":true,"notice_issued_by":"Hamilton City Council","heritage_status":null,"area_of_seismic_risk":"Medium","notice_count":1,"remediated":false,"approximate":false}},{"type":"Feature","geometry":{"type":"Point","coordinates":[175.285739,-37.7897572]},"properties":{"address":"120 Victoria Street, Hamilton Central, Hamilton","suburb":"Hamilton Central","city":"Hamilton","common_names":"Arts Post","notice_type":"EPB notice","date_of_issue":"18/08/2025","earthquake_rating":"20% to less than 34%","seismic_work_deadline":"20/04/2039","priority_building":true,"notice_issued_by":"Hamilton City Council","heritage_status":null,"area_of_seismic_risk":"Medium","notice_count":1,"remediated":false,"approximate":false}},{"type":"Feature","geometry":{"type":"Point","coordinates":[170.5128031,-45.8649131]},"properties":{"address":"700 Cumberland Street, North Dunedin, Dunedin","suburb":"North Dunedin","city":"Dunedin","common_names":"Science 2 at 70 Union St","notice_type":"EPB notice","date_of_issue":"08/08/2025","earthquake_rating":"20% to less than 34%","seismic_work_deadline":"08/08/2060","priority_building":false,"notice_issued_by":"Dunedin City Council","heritage_status":null,"area_of_seismic_risk":"Low","notice_count":1,"remediated":false,"approximate":false}},{"type":"Feature","geometry":{"type":"Point","coordinates":[170.3469857,-45.8721905]},"properties":{"address":"167 Gordon Road, Mosgiel","suburb":null,"city":"Mosgiel","common_names":"Shop","notice_type":"EPB notice","date_of_issue":"25/09/2025","earthquake_rating":"Not determined","seismic_work_deadline":"12/08/2060","priority_building":false,"notice_issued_by":"Dunedin City Council","heritage_status":null,"area_of_seismic_risk":"Low","notice_count":2,"remediated":false,"approximate":false}},{"type":"Feature","geometry":{"type":"Point","coordinates":[170.4753034,-45.8690456]},"properties":{"address":"151 Kaikorai Valley Road, Bradford, Dunedin","suburb":"Bradford","city":"Dunedin","common_names":null,"notice_type":"EPB notice","date_of_issue":"05/08/2025","earthquake_rating":"Not determined","seismic_work_deadline":"25/07/2060","priority_building":false,"notice_issued_by":"Dunedin City Council","heritage_status":null,"area_of_seismic_risk":"Low","notice_count":1,"remediated":false,"approximate":false}},{"type":"Feature","geometry":{"type":"Point","coordinates":[170.4984924,-45.8938517]},"properties":{"address":"145 King Edward Street, South Dunedin, Dunedin","suburb":"South Dunedin","city":"Dunedin","common_names":null,"notice_type":"EPB notice","date_of_issue":"04/08/2025","earthquake_rating":"20% to less than 34%","seismic_work_deadline":"04/08/2060","priority_building":false,"notice_issued_by":"Dunedin City Council","heritage_status":null,"area_of_seismic_risk":"Low","notice_count":1,"remediated":false,"approximate":false}},{"type":"Feature","geometry":{"type":"Point","coordinates":[175.279432,-37.7836347]},"properties":{"address":"651 Victoria Street, Hamilton Central, Hamilton","suburb":"Hamilton Central","city":"Hamilton","common_names":null,"notice_type":"EPB notice","date_of_issue":"18/08/2025","earthquake_rating":"0% to less than 20%","seismic_work_deadline":"25/04/2039","priority_building":true,"notice_issued_by":"Hamilton City Council","heritage_status":null,"area_of_seismic_risk":"Medium","notice_count":1,"remediated":false,"approximate":false}},{"type":"Feature","geometry":{"type":"Point","coordinates":[175.2820836,-37.8110866]},"properties":{"address":"71 Ohaupo Road, Melville, Hamilton","suburb":"Melville","city":"Hamilton","common_names":null,"notice_type":"EPB notice","date_of_issue":"25/11/2025","earthquake_rating":"20% to less than 34%","seismic_work_deadline":"10/11/2051","priority_building":false,"notice_issued_by":"Hamilton City Council","heritage_status":null,"area_of_seismic_risk":"Medium","notice_count":1,"remediated":false,"approximate":false}},{"type":"Feature","geometry":{"type":"Point","coordinates":[172.5426139,-43.5404403]},"properties":{"address":"22 Gerald Connolly Place, Hornby, Christchurch","suburb":"Hornby","city":"Christchurch","common_names":"Office Building","notice_type":"EPB notice","date_of_issue":"11/11/2024","earthquake_rating":"0% to less than 20%","seismic_work_deadline":"11/11/2043","priority_building":false,"notice_issued_by":"Christchurch City Council","heritage_status":null,"area_of_seismic_risk":"High","notice_count":3,"remediated":true,"approximate":false}},{"type":"Feature","geometry":{"type":"Point","coordinates":[173.2805808,-41.2743745]},"properties":{"address":"106 Rutherford Street, Nelson","suburb":null,"city":"Nelson","common_names":"Bowater Hyundai Showroom 1926","notice_type":"EPB notice","date_of_issue":"29/10/2025","earthquake_rating":"0% to less than 20%","seismic_work_deadline":"05/11/2036","priority_building":true,"notice_issued_by":"Nelson City Council","heritage_status":null,"area_of_seismic_risk":"Medium","notice_count":1,"remediated":false,"approximate":false}},{"type":"Feature","geometry":{"type":"Point","coordinates":[176.9140444,-39.4903334]},"properties":{"address":"147 Tennyson Street, Napier South, Napier","suburb":"Napier South","city":"Napier","common_names":null,"notice_type":"EPB notice","date_of_issue":"17/01/2025","earthquake_rating":"0% to less than 20%","seismic_work_deadline":"20/08/2043","priority_building":false,"notice_issued_by":"Napier City Council","heritage_status":null,"area_of_seismic_risk":"High","notice_count":1,"remediated":true,"approximate":false}},{"type":"Feature","geometry":{"type":"Point","coordinates":[174.9241405,-37.045854]},"properties":{"address":"44 R Beach Road, Papakura, Auckland","suburb":"Papakura","city":"Auckland","common_names":null,"notice_type":"EPB notice","date_of_issue":"20/10/2025","earthquake_rating":"20% to less than 34%","seismic_work_deadline":"20/10/2060","priority_building":false,"notice_issued_by":"Auckland Council","heritage_status":null,"area_of_seismic_risk":"Low","notice_count":1,"remediated":false,"approximate":true}},{"type":"Feature","geometry":{"type":"Point","coordinates":[170.5125888,-45.8956067]},"properties":{"address":"100 Otaki Street, South Dunedin, Dunedin","suburb":"South Dunedin","city":"Dunedin","common_names":null,"notice_type":"EPB notice","date_of_issue":"18/06/2024","earthquake_rating":"Not determined","seismic_work_deadline":"09/05/2063","priority_building":false,"notice_issued_by":"Dunedin City Council","heritage_status":null,"area_of_seismic_risk":"Low","notice_count":1,"remediated":true,"approximate":false}},{"type":"Feature","geometry":{"type":"Point","coordinates":[174.9451456,-37.0672938]},"properties":{"address":"57 R Wood Street, Papakura, Auckland","suburb":"Papakura","city":"Auckland","common_names":null,"notice_type":"EPB notice","date_of_issue":"20/10/2025","earthquake_rating":"20% to less than 34%","seismic_work_deadline":"20/10/2060","priority_building":false,"notice_issued_by":"Auckland Council","heritage_status":"Scheduled by the TA","area_of_seismic_risk":"Low","notice_count":2,"remediated":false,"approximate":false}},{"type":"Feature","geometry":{"type":"Point","coordinates":[174.4930161,-36.7665722]},"properties":{"address":"24 Waimauku Station Road, Waimauku","suburb":null,"city":"Waimauku","common_names":null,"notice_type":"EPB notice","date_of_issue":"17/10/2025","earthquake_rating":"0% to less than 20%","seismic_work_deadline":"17/10/2060","priority_building":false,"notice_issued_by":"Auckland Council","heritage_status":null,"area_of_seismic_risk":"Low","notice_count":1,"remediated":false,"approximate":false}},{"type":"Feature","geometry":{"type":"Point","coordinates":[173.2802392,-41.2705056]},"properties":{"address":"3 Halifax Street, Nelson","suburb":null,"city":"Nelson","common_names":"Refinery Artspace concrete building","notice_type":"EPB notice","date_of_issue":"21/10/2025","earthquake_rating":"20% to less than 34%","seismic_work_deadline":"30/06/2036","priority_building":false,"notice_issued_by":"Nelson City Council","heritage_status":null,"area_of_seismic_risk":"Medium","notice_count":1,"remediated":false,"approximate":false}},{"type":"Feature","geometry":{"type":"Point","coordinates":[170.621592,-45.8158895]},"properties":{"address":"19 George Street, Port Chalmers","suburb":null,"city":"Port Chalmers","common_names":null,"notice_type":"EPB notice","date_of_issue":"25/09/2025","earthquake_rating":"Not determined","seismic_work_deadline":"19/08/2060","priority_building":false,"notice_issued_by":"Dunedin City Council","heritage_status":"Within historic area","area_of_seismic_risk":"Low","notice_count":1,"remediated":false,"approximate":false}},{"type":"Feature","geometry":{"type":"Point","coordinates":[172.6600519,-43.5411005]},"properties":{"address":"270 Ferry Road, Waltham, Christchurch","suburb":"Waltham","city":"Christchurch","common_names":null,"notice_type":"EPB notice","date_of_issue":"21/03/2024","earthquake_rating":"0% to less than 20%","seismic_work_deadline":"21/09/2035","priority_building":true,"notice_issued_by":"Christchurch City Council","heritage_status":null,"area_of_seismic_risk":"High","notice_count":1,"remediated":true,"approximate":false}}]}